RIS-TrapCode,CalDate,Black Rustic,Cloaked Minor,Coast Dart,Common Wainscot,Dark Arches,Dusky Brocade,Dusky Sallow,Flounced Rustic,Gatekeeper,Large Nutmeg,Marbled Minor,Meadow Brown,Middle-barred Minor,Ringlet,Rosy Minor,Rustic Shoulder-knot,Shoulder-striped Wainscot,Slender Brindle,Small Dotted Buff,Smoky Wainscot,Speckled Wood,Straw Dot,Tawny Marbled Minor,Wall
1,1933,0.0,68.0,0.0,3094.0,986.0,170.0,0.0,1564.0,0.0,102.0,1190.0,0.0,986.0,0.0,0.0,272.0,510.0,0.0,204.0,1768.0,0.0,0.0,0.0,0.0
1,1934,0.0,986.0,0.0,1938.0,3060.0,102.0,0.0,5202.0,0.0,0.0,476.0,0.0,1156.0,0.0,34.0,136.0,306.0,0.0,748.0,2550.0,0.0,0.0,0.0,0.0
1,1935,0.0,4760.0,0.0,1632.0,20468.0,170.0,0.0,9996.0,0.0,714.0,1734.0,0.0,2992.0,0.0,102.0,238.0,2074.0,0.0,680.0,1972.0,0.0,0.0,0.0,0.0
1,1936,0.0,2720.0,0.0,170.0,680.0,102.0,0.0,3978.0,0.0,68.0,340.0,0.0,1088.0,0.0,34.0,34.0,374.0,0.0,340.0,1428.0,0.0,0.0,0.0,0.0
1,1946,0.0,306.0,0.0,612.0,714.0,34.0,34.0,18700.0,0.0,68.0,204.0,0.0,238.0,0.0,68.0,0.0,204.0,0.0,272.0,986.0,0.0,0.0,0.0,0.0
1,1947,0.0,136.0,0.0,6358.0,748.0,34.0,0.0,7922.0,0.0,0.0,544.0,0.0,476.0,0.0,170.0,34.0,102.0,0.0,340.0,544.0,0.0,68.0,0.0,0.0
1,1948,0.0,102.0,0.0,884.0,1836.0,102.0,0.0,14756.0,0.0,0.0,476.0,0.0,238.0,0.0,34.0,34.0,272.0,0.0,442.0,2312.0,0.0,34.0,0.0,0.0
1,1949,0.0,272.0,0.0,3944.0,510.0,34.0,34.0,24650.0,0.0,102.0,170.0,0.0,306.0,0.0,34.0,68.0,136.0,0.0,408.0,1972.0,0.0,0.0,408.0,0.0
1,1964,0.0,136.0,0.0,408.0,68.0,34.0,0.0,680.0,0.0,0.0,0.0,0.0,136.0,0.0,0.0,0.0,68.0,0.0,68.0,306.0,0.0,0.0,102.0,0.0
1,1966,0.0,238.0,0.0,442.0,102.0,0.0,0.0,680.0,0.0,34.0,170.0,0.0,510.0,0.0,0.0,68.0,102.0,0.0,68.0,1020.0,0.0,0.0,0.0,0.0
1,1967,0.0,136.0,0.0,1088.0,136.0,34.0,0.0,408.0,0.0,0.0,102.0,0.0,102.0,0.0,0.0,0.0,102.0,0.0,34.0,884.0,0.0,0.0,0.0,0.0
1,1968,0.0,204.0,0.0,1768.0,204.0,0.0,0.0,510.0,0.0,136.0,102.0,0.0,748.0,0.0,0.0,136.0,68.0,0.0,170.0,442.0,0.0,0.0,0.0,0.0
1,1969,0.0,102.0,0.0,1598.0,136.0,68.0,0.0,204.0,0.0,0.0,68.0,0.0,102.0,0.0,0.0,34.0,34.0,0.0,136.0,714.0,0.0,0.0,0.0,0.0
1,1970,0.0,34.0,0.0,3842.0,102.0,0.0,0.0,204.0,0.0,34.0,68.0,0.0,136.0,0.0,0.0,0.0,0.0,0.0,136.0,680.0,0.0,0.0,34.0,0.0
1,1971,0.0,238.0,0.0,1768.0,408.0,0.0,34.0,510.0,0.0,68.0,306.0,0.0,170.0,0.0,0.0,136.0,68.0,0.0,102.0,1258.0,0.0,0.0,0.0,0.0
1,1972,0.0,170.0,0.0,1734.0,272.0,68.0,0.0,340.0,0.0,0.0,68.0,0.0,102.0,0.0,0.0,0.0,0.0,0.0,0.0,1326.0,0.0,0.0,68.0,0.0
1,1973,0.0,34.0,0.0,1530.0,170.0,0.0,0.0,0.0,0.0,0.0,238.0,0.0,170.0,0.0,34.0,34.0,0.0,0.0,0.0,1088.0,0.0,0.0,34.0,0.0
1,1974,0.0,102.0,0.0,442.0,136.0,68.0,0.0,272.0,0.0,0.0,0.0,0.0,136.0,0.0,0.0,34.0,0.0,0.0,102.0,612.0,0.0,0.0,68.0,0.0
1,1975,0.0,408.0,0.0,14756.0,306.0,34.0,68.0,442.0,0.0,68.0,0.0,0.0,306.0,0.0,0.0,68.0,68.0,0.0,136.0,1122.0,0.0,0.0,136.0,0.0
1,1976,0.0,272.0,0.0,15878.0,1020.0,34.0,136.0,4930.0,0.0,34.0,68.0,0.0,544.0,0.0,0.0,136.0,170.0,0.0,170.0,1462.0,0.0,0.0,238.0,0.0
1,1977,0.0,884.0,0.0,986.0,2210.0,0.0,204.0,4284.0,0.0,34.0,34.0,0.0,136.0,0.0,0.0,102.0,68.0,0.0,102.0,612.0,0.0,0.0,102.0,0.0
1,1978,0.0,748.0,0.0,578.0,748.0,0.0,0.0,1564.0,0.0,0.0,0.0,0.0,34.0,0.0,0.0,68.0,0.0,0.0,68.0,306.0,0.0,0.0,102.0,0.0
1,1979,0.0,0.0,0.0,680.0,1190.0,0.0,34.0,1054.0,0.0,34.0,0.0,0.0,884.0,0.0,0.0,68.0,68.0,0.0,68.0,2720.0,0.0,0.0,68.0,0.0
1,1980,0.0,612.0,0.0,1734.0,442.0,0.0,34.0,578.0,0.0,68.0,68.0,0.0,68.0,0.0,0.0,204.0,170.0,0.0,102.0,4420.0,0.0,0.0,306.0,0.0
1,1981,0.0,748.0,0.0,1904.0,340.0,0.0,102.0,544.0,0.0,68.0,68.0,0.0,272.0,0.0,0.0,170.0,204.0,0.0,0.0,3196.0,0.0,0.0,34.0,0.0
1,1982,0.0,306.0,0.0,2448.0,510.0,0.0,0.0,408.0,0.0,0.0,34.0,0.0,34.0,0.0,0.0,646.0,170.0,0.0,34.0,3842.0,0.0,0.0,272.0,0.0
1,1983,0.0,918.0,0.0,170.0,782.0,0.0,68.0,714.0,0.0,34.0,0.0,0.0,102.0,0.0,0.0,170.0,34.0,0.0,0.0,2686.0,0.0,0.0,476.0,0.0
1,1984,0.0,1632.0,0.0,1292.0,816.0,0.0,68.0,1938.0,0.0,136.0,0.0,0.0,136.0,0.0,0.0,136.0,204.0,0.0,0.0,3400.0,0.0,0.0,0.0,0.0
1,1985,0.0,1224.0,0.0,374.0,476.0,0.0,0.0,408.0,0.0,102.0,34.0,0.0,136.0,0.0,0.0,68.0,68.0,0.0,0.0,1496.0,0.0,0.0,374.0,0.0
1,1986,0.0,2040.0,0.0,374.0,306.0,34.0,0.0,340.0,0.0,34.0,34.0,0.0,374.0,0.0,0.0,238.0,442.0,0.0,0.0,1496.0,0.0,34.0,272.0,0.0
1,1987,0.0,2822.0,0.0,1768.0,1224.0,0.0,0.0,136.0,0.0,442.0,0.0,0.0,476.0,0.0,0.0,306.0,340.0,0.0,68.0,2142.0,0.0,34.0,680.0,0.0
1,1988,0.0,1666.0,0.0,102.0,102.0,0.0,0.0,0.0,0.0,136.0,34.0,0.0,238.0,0.0,0.0,136.0,170.0,0.0,0.0,1020.0,0.0,34.0,1088.0,0.0
1,1989,0.0,10710.0,0.0,16116.0,136.0,0.0,0.0,68.0,0.0,238.0,68.0,0.0,408.0,0.0,0.0,204.0,544.0,0.0,34.0,2040.0,0.0,68.0,238.0,0.0
1,1990,0.0,9010.0,0.0,8296.0,816.0,0.0,0.0,442.0,0.0,34.0,34.0,0.0,34.0,0.0,0.0,102.0,2244.0,0.0,34.0,3128.0,0.0,0.0,238.0,0.0
1,1991,0.0,7344.0,0.0,1088.0,2176.0,0.0,0.0,646.0,0.0,34.0,34.0,0.0,340.0,0.0,0.0,136.0,272.0,0.0,68.0,1462.0,0.0,0.0,476.0,0.0
1,1992,0.0,2992.0,0.0,306.0,884.0,68.0,0.0,306.0,0.0,0.0,136.0,0.0,272.0,0.0,0.0,170.0,204.0,0.0,34.0,986.0,0.0,34.0,510.0,0.0
1,1993,0.0,612.0,0.0,2040.0,68.0,0.0,0.0,136.0,0.0,0.0,0.0,0.0,170.0,0.0,0.0,102.0,68.0,0.0,0.0,850.0,0.0,204.0,476.0,0.0
1,1994,0.0,1190.0,0.0,11662.0,544.0,0.0,0.0,204.0,0.0,68.0,0.0,0.0,136.0,0.0,0.0,136.0,170.0,0.0,0.0,2414.0,0.0,238.0,340.0,0.0
1,1995,0.0,1156.0,0.0,14314.0,510.0,0.0,0.0,204.0,0.0,34.0,34.0,0.0,136.0,0.0,0.0,0.0,442.0,0.0,0.0,2210.0,0.0,0.0,340.0,0.0
1,1996,34.0,612.0,0.0,10098.0,986.0,0.0,0.0,238.0,0.0,68.0,170.0,0.0,68.0,0.0,0.0,0.0,68.0,0.0,68.0,1462.0,0.0,0.0,238.0,0.0
1,1997,0.0,1054.0,0.0,6732.0,476.0,0.0,0.0,510.0,0.0,0.0,442.0,0.0,340.0,0.0,0.0,34.0,34.0,0.0,0.0,816.0,0.0,68.0,204.0,0.0
1,1998,34.0,170.0,0.0,340.0,578.0,0.0,0.0,544.0,0.0,34.0,238.0,0.0,0.0,0.0,0.0,0.0,0.0,0.0,0.0,680.0,0.0,68.0,136.0,0.0
1,1999,0.0,1122.0,0.0,4488.0,340.0,0.0,0.0,306.0,0.0,34.0,68.0,0.0,136.0,0.0,0.0,34.0,0.0,0.0,34.0,408.0,0.0,0.0,204.0,0.0
1,2000,0.0,1938.0,0.0,952.0,646.0,0.0,0.0,748.0,0.0,0.0,0.0,0.0,306.0,0.0,0.0,0.0,0.0,0.0,0.0,578.0,0.0,68.0,408.0,0.0
1,2001,34.0,1462.0,0.0,2448.0,476.0,0.0,0.0,680.0,0.0,0.0,0.0,0.0,204.0,0.0,68.0,0.0,0.0,0.0,0.0,884.0,0.0,544.0,170.0,0.0
1,2002,0.0,612.0,0.0,2652.0,340.0,0.0,0.0,748.0,0.0,0.0,0.0,0.0,510.0,0.0,0.0,0.0,0.0,0.0,0.0,2414.0,0.0,3570.0,272.0,0.0
1,2003,0.0,544.0,0.0,9690.0,238.0,0.0,34.0,612.0,0.0,0.0,34.0,0.0,306.0,0.0,0.0,136.0,34.0,0.0,0.0,2992.0,0.0,3842.0,374.0,0.0
1,2004,34.0,1292.0,0.0,2176.0,714.0,0.0,0.0,1054.0,0.0,34.0,0.0,0.0,782.0,0.0,0.0,34.0,68.0,0.0,0.0,2312.0,0.0,952.0,408.0,0.0
1,2005,0.0,884.0,0.0,986.0,306.0,0.0,0.0,1190.0,0.0,0.0,34.0,0.0,272.0,0.0,0.0,68.0,136.0,0.0,0.0,2924.0,0.0,1836.0,578.0,0.0
1,2006,0.0,3366.0,0.0,4080.0,1020.0,0.0,68.0,1190.0,0.0,0.0,34.0,0.0,680.0,0.0,0.0,34.0,0.0,0.0,34.0,1802.0,0.0,2482.0,68.0,0.0
1,2007,34.0,272.0,0.0,1666.0,34.0,34.0,0.0,476.0,0.0,0.0,68.0,0.0,2074.0,0.0,0.0,68.0,68.0,0.0,0.0,952.0,0.0,2584.0,102.0,0.0
1,2008,0.0,748.0,0.0,510.0,306.0,0.0,68.0,646.0,0.0,0.0,34.0,0.0,1020.0,0.0,0.0,102.0,0.0,0.0,0.0,2516.0,0.0,12648.0,68.0,0.0
1,2009,0.0,544.0,0.0,1292.0,442.0,0.0,0.0,1224.0,0.0,0.0,102.0,0.0,5066.0,0.0,0.0,272.0,0.0,0.0,0.0,3604.0,0.0,25466.0,136.0,0.0
1,2010,0.0,1598.0,0.0,578.0,714.0,0.0,34.0,1190.0,0.0,0.0,136.0,0.0,10336.0,0.0,0.0,306.0,0.0,0.0,34.0,3434.0,0.0,8024.0,68.0,0.0
1,2011,0.0,1190.0,0.0,68.0,136.0,0.0,0.0,2278.0,0.0,136.0,68.0,0.0,5406.0,0.0,0.0,170.0,0.0,0.0,0.0,578.0,0.0,408.0,136.0,0.0
1,2012,0.0,204.0,0.0,34.0,136.0,0.0,0.0,680.0,0.0,0.0,34.0,0.0,1802.0,0.0,0.0,68.0,34.0,0.0,68.0,170.0,0.0,1360.0,136.0,0.0
1,2013,0.0,714.0,0.0,68.0,646.0,0.0,0.0,1054.0,0.0,0.0,204.0,0.0,4420.0,0.0,0.0,102.0,34.0,0.0,0.0,136.0,0.0,2176.0,238.0,0.0
1,2014,0.0,986.0,0.0,68.0,510.0,204.0,0.0,952.0,0.0,0.0,272.0,0.0,3196.0,0.0,0.0,136.0,34.0,0.0,0.0,918.0,0.0,2856.0,340.0,0.0
1,2015,34.0,714.0,0.0,0.0,442.0,0.0,0.0,816.0,0.0,0.0,170.0,0.0,1394.0,0.0,0.0,68.0,68.0,0.0,0.0,442.0,0.0,1360.0,306.0,0.0
1,2016,0.0,918.0,0.0,340.0,204.0,0.0,34.0,782.0,0.0,0.0,102.0,0.0,1292.0,0.0,0.0,34.0,0.0,0.0,0.0,1020.0,0.0,5508.0,714.0,0.0
1,2017,34.0,2210.0,0.0,2720.0,408.0,0.0,34.0,2278.0,0.0,0.0,68.0,0.0,3128.0,0.0,0.0,306.0,102.0,0.0,0.0,2788.0,0.0,11968.0,306.0,0.0
1,2018,0.0,2516.0,0.0,2516.0,204.0,0.0,204.0,1292.0,0.0,0.0,204.0,0.0,2584.0,0.0,0.0,306.0,136.0,0.0,0.0,2074.0,0.0,13226.0,578.0,0.0
2,1960,0.0,66.0,0.0,297.0,924.0,495.0,0.0,1188.0,0.0,396.0,264.0,0.0,726.0,0.0,0.0,363.0,33.0,0.0,99.0,957.0,0.0,0.0,0.0,0.0
2,1961,0.0,495.0,0.0,462.0,297.0,66.0,33.0,2277.0,0.0,0.0,66.0,0.0,231.0,0.0,0.0,0.0,66.0,0.0,99.0,1584.0,0.0,0.0,231.0,0.0
2,1962,0.0,891.0,0.0,1155.0,1551.0,99.0,0.0,2607.0,0.0,66.0,33.0,0.0,99.0,0.0,0.0,132.0,66.0,0.0,165.0,2607.0,0.0,0.0,561.0,0.0
2,1963,0.0,561.0,0.0,1320.0,1452.0,66.0,0.0,1947.0,0.0,33.0,297.0,0.0,165.0,0.0,0.0,66.0,66.0,0.0,462.0,1848.0,0.0,0.0,66.0,0.0
2,1964,0.0,231.0,0.0,990.0,132.0,33.0,0.0,693.0,0.0,33.0,66.0,0.0,297.0,0.0,0.0,99.0,33.0,0.0,33.0,1122.0,0.0,0.0,231.0,0.0
2,1965,0.0,264.0,0.0,792.0,990.0,66.0,0.0,1287.0,0.0,0.0,330.0,0.0,99.0,0.0,0.0,231.0,0.0,0.0,231.0,1716.0,0.0,0.0,0.0,0.0
18,1965,0.0,100.0,0.0,400.0,50.0,0.0,0.0,3000.0,0.0,0.0,225.0,0.0,175.0,0.0,0.0,0.0,25.0,0.0,75.0,225.0,0.0,0.0,0.0,0.0
18,1966,0.0,75.0,0.0,725.0,200.0,25.0,0.0,1450.0,0.0,0.0,0.0,0.0,50.0,0.0,0.0,0.0,0.0,0.0,50.0,0.0,0.0,0.0,275.0,0.0
18,1967,0.0,100.0,0.0,725.0,50.0,0.0,25.0,825.0,0.0,0.0,0.0,0.0,150.0,0.0,0.0,0.0,25.0,0.0,0.0,100.0,0.0,0.0,0.0,0.0
18,1968,0.0,0.0,0.0,675.0,150.0,0.0,0.0,1600.0,0.0,0.0,225.0,0.0,350.0,0.0,0.0,0.0,0.0,0.0,0.0,0.0,0.0,0.0,25.0,0.0
18,1969,0.0,25.0,0.0,525.0,25.0,0.0,25.0,1400.0,0.0,0.0,150.0,0.0,75.0,0.0,0.0,50.0,25.0,0.0,25.0,150.0,0.0,200.0,0.0,0.0
18,1970,0.0,0.0,0.0,0.0,0.0,0.0,0.0,0.0,0.0,0.0,25.0,0.0,0.0,0.0,0.0,0.0,0.0,0.0,0.0,0.0,0.0,200.0,0.0,0.0
60,1966,58.0,0.0,0.0,0.0,0.0,0.0,0.0,0.0,0.0,0.0,0.0,0.0,0.0,0.0,0.0,0.0,0.0,0.0,0.0,0.0,0.0,0.0,0.0,0.0
60,1967,0.0,0.0,0.0,0.0,44.0,0.0,0.0,0.0,2.0,0.0,2.0,0.0,90.0,0.0,0.0,0.0,0.0,0.0,28.0,108.0,0.0,16.0,0.0,0.0
60,1968,10.0,0.0,0.0,0.0,38.0,0.0,0.0,0.0,0.0,0.0,0.0,0.0,88.0,0.0,0.0,0.0,0.0,0.0,18.0,48.0,0.0,14.0,0.0,0.0
60,1969,2.0,0.0,0.0,0.0,34.0,0.0,0.0,0.0,0.0,0.0,0.0,0.0,22.0,0.0,0.0,0.0,0.0,0.0,2.0,70.0,0.0,4.0,0.0,0.0
60,1970,14.0,0.0,0.0,0.0,14.0,0.0,0.0,4.0,0.0,0.0,0.0,0.0,16.0,0.0,0.0,0.0,0.0,0.0,0.0,24.0,0.0,0.0,0.0,0.0
60,1974,6.0,0.0,0.0,0.0,26.0,10.0,0.0,0.0,0.0,0.0,0.0,0.0,6.0,0.0,0.0,0.0,0.0,0.0,12.0,160.0,0.0,0.0,0.0,0.0
60,1975,6.0,0.0,0.0,0.0,8.0,2.0,0.0,0.0,0.0,0.0,0.0,0.0,54.0,0.0,0.0,0.0,0.0,0.0,14.0,24.0,0.0,6.0,0.0,0.0
60,1976,14.0,0.0,0.0,2.0,26.0,2.0,0.0,2.0,0.0,0.0,0.0,0.0,46.0,0.0,0.0,0.0,0.0,0.0,6.0,32.0,0.0,6.0,0.0,0.0
60,1977,0.0,0.0,0.0,0.0,30.0,2.0,0.0,0.0,0.0,0.0,0.0,0.0,60.0,0.0,0.0,0.0,0.0,0.0,14.0,64.0,0.0,14.0,0.0,0.0
60,1978,0.0,0.0,0.0,0.0,102.0,0.0,0.0,0.0,0.0,0.0,0.0,0.0,0.0,0.0,0.0,0.0,0.0,0.0,0.0,128.0,0.0,0.0,0.0,0.0
67,1966,40.0,0.0,0.0,0.0,0.0,0.0,0.0,0.0,0.0,0.0,0.0,0.0,0.0,0.0,0.0,0.0,0.0,0.0,0.0,0.0,0.0,0.0,0.0,0.0
67,1967,80.0,80.0,0.0,160.0,760.0,0.0,0.0,3160.0,0.0,0.0,0.0,0.0,240.0,0.0,40.0,0.0,0.0,0.0,0.0,40.0,0.0,480.0,0.0,0.0
67,1968,0.0,0.0,0.0,40.0,160.0,0.0,0.0,1360.0,0.0,0.0,280.0,0.0,120.0,0.0,40.0,0.0,0.0,0.0,0.0,120.0,0.0,80.0,0.0,0.0
67,1969,40.0,0.0,0.0,120.0,480.0,0.0,0.0,1760.0,0.0,0.0,240.0,0.0,240.0,0.0,80.0,0.0,0.0,40.0,0.0,0.0,0.0,80.0,0.0,0.0
67,1970,0.0,0.0,0.0,480.0,400.0,0.0,0.0,2120.0,0.0,0.0,640.0,0.0,560.0,0.0,40.0,0.0,0.0,0.0,0.0,200.0,0.0,600.0,0.0,0.0
67,1971,0.0,0.0,0.0,640.0,440.0,0.0,0.0,1240.0,0.0,0.0,160.0,0.0,600.0,0.0,40.0,0.0,0.0,0.0,80.0,80.0,0.0,720.0,0.0,0.0
67,1972,40.0,0.0,0.0,0.0,600.0,0.0,0.0,3080.0,0.0,0.0,40.0,0.0,40.0,0.0,40.0,0.0,0.0,0.0,0.0,0.0,0.0,80.0,0.0,0.0
67,1973,0.0,80.0,0.0,240.0,1680.0,0.0,0.0,7480.0,0.0,0.0,0.0,0.0,520.0,0.0,0.0,0.0,0.0,120.0,0.0,200.0,0.0,120.0,0.0,0.0
67,1974,0.0,0.0,0.0,40.0,720.0,0.0,0.0,2480.0,0.0,0.0,80.0,0.0,840.0,0.0,80.0,0.0,0.0,0.0,0.0,200.0,0.0,240.0,160.0,0.0
67,1975,0.0,0.0,0.0,1320.0,520.0,40.0,0.0,3920.0,0.0,0.0,80.0,0.0,920.0,0.0,80.0,0.0,0.0,0.0,40.0,360.0,0.0,0.0,40.0,0.0
67,1976,40.0,0.0,0.0,3920.0,960.0,0.0,0.0,13040.0,0.0,0.0,40.0,0.0,360.0,0.0,80.0,0.0,0.0,0.0,0.0,80.0,0.0,40.0,0.0,0.0
67,1977,40.0,0.0,0.0,2880.0,2440.0,0.0,0.0,15360.0,0.0,0.0,120.0,0.0,0.0,0.0,80.0,0.0,0.0,0.0,0.0,40.0,0.0,0.0,0.0,0.0
67,1978,40.0,0.0,0.0,600.0,1640.0,0.0,0.0,6160.0,0.0,0.0,320.0,0.0,200.0,0.0,120.0,0.0,0.0,0.0,0.0,40.0,0.0,0.0,360.0,0.0
67,1979,0.0,0.0,0.0,800.0,1320.0,80.0,0.0,2920.0,0.0,0.0,520.0,0.0,240.0,0.0,0.0,0.0,0.0,0.0,0.0,240.0,0.0,0.0,0.0,0.0
67,1980,0.0,0.0,0.0,160.0,400.0,0.0,0.0,1040.0,0.0,0.0,600.0,0.0,120.0,0.0,0.0,40.0,0.0,40.0,0.0,200.0,0.0,0.0,0.0,0.0
67,1981,80.0,0.0,0.0,80.0,40.0,0.0,0.0,1640.0,0.0,0.0,160.0,0.0,0.0,0.0,40.0,0.0,0.0,0.0,0.0,40.0,0.0,0.0,0.0,0.0
67,1982,0.0,0.0,0.0,80.0,280.0,0.0,0.0,0.0,0.0,0.0,120.0,0.0,80.0,0.0,0.0,0.0,0.0,0.0,80.0,0.0,0.0,0.0,0.0,0.0
88,1968,0.0,96.0,0.0,1968.0,264.0,120.0,48.0,1344.0,0.0,0.0,168.0,0.0,120.0,0.0,0.0,120.0,192.0,0.0,72.0,216.0,0.0,0.0,0.0,0.0
88,1969,0.0,96.0,0.0,3072.0,72.0,0.0,192.0,624.0,0.0,72.0,144.0,0.0,48.0,0.0,0.0,0.0,0.0,0.0,72.0,72.0,0.0,0.0,0.0,0.0
88,1970,0.0,24.0,0.0,2616.0,72.0,0.0,216.0,1032.0,0.0,0.0,24.0,0.0,0.0,0.0,0.0,0.0,0.0,0.0,0.0,120.0,0.0,0.0,0.0,0.0
88,1971,0.0,48.0,0.0,2304.0,216.0,48.0,168.0,1752.0,0.0,0.0,72.0,0.0,0.0,0.0,0.0,96.0,24.0,0.0,0.0,48.0,0.0,48.0,0.0,0.0
88,1972,0.0,48.0,0.0,1896.0,840.0,0.0,120.0,2424.0,0.0,192.0,0.0,0.0,0.0,0.0,72.0,0.0,0.0,0.0,0.0,144.0,0.0,0.0,0.0,0.0
88,1973,0.0,0.0,0.0,2136.0,96.0,0.0,48.0,2616.0,0.0,120.0,24.0,0.0,72.0,0.0,48.0,48.0,48.0,0.0,96.0,264.0,0.0,0.0,24.0,0.0
88,1974,0.0,48.0,0.0,576.0,144.0,0.0,48.0,4152.0,0.0,24.0,0.0,0.0,48.0,0.0,0.0,0.0,0.0,0.0,0.0,24.0,0.0,0.0,0.0,0.0
88,1975,0.0,144.0,0.0,2928.0,96.0,0.0,264.0,4248.0,0.0,0.0,0.0,0.0,0.0,0.0,192.0,0.0,24.0,0.0,24.0,168.0,0.0,0.0,0.0,0.0
88,1976,0.0,288.0,0.0,4032.0,72.0,0.0,384.0,5496.0,0.0,48.0,0.0,0.0,408.0,0.0,48.0,0.0,0.0,0.0,24.0,72.0,0.0,0.0,96.0,0.0
88,1977,24.0,264.0,0.0,1176.0,336.0,0.0,168.0,6504.0,0.0,216.0,0.0,0.0,0.0,0.0,48.0,24.0,0.0,0.0,0.0,216.0,0.0,0.0,0.0,0.0
88,1978,0.0,192.0,0.0,1248.0,576.0,0.0,24.0,1512.0,0.0,168.0,0.0,0.0,0.0,0.0,96.0,0.0,0.0,0.0,24.0,48.0,0.0,0.0,0.0,0.0
88,1979,0.0,264.0,0.0,1728.0,24.0,0.0,48.0,1656.0,0.0,96.0,0.0,0.0,0.0,0.0,0.0,48.0,0.0,0.0,0.0,48.0,0.0,0.0,0.0,0.0
88,1980,0.0,192.0,0.0,2328.0,168.0,0.0,48.0,1680.0,0.0,192.0,0.0,0.0,48.0,0.0,24.0,0.0,0.0,0.0,0.0,312.0,0.0,0.0,0.0,0.0
88,1981,0.0,216.0,0.0,1320.0,240.0,24.0,24.0,2040.0,0.0,336.0,24.0,0.0,24.0,0.0,0.0,0.0,0.0,0.0,48.0,384.0,0.0,0.0,48.0,0.0
88,1982,0.0,336.0,0.0,3576.0,216.0,0.0,72.0,1512.0,0.0,0.0,0.0,0.0,0.0,0.0,72.0,0.0,0.0,0.0,0.0,264.0,0.0,0.0,24.0,0.0
88,1983,0.0,96.0,0.0,336.0,168.0,0.0,48.0,2664.0,0.0,312.0,0.0,0.0,48.0,0.0,0.0,72.0,0.0,0.0,0.0,192.0,0.0,0.0,48.0,0.0
88,1984,0.0,192.0,0.0,384.0,456.0,24.0,192.0,1800.0,0.0,72.0,72.0,0.0,0.0,0.0,0.0,48.0,0.0,0.0,48.0,264.0,0.0,24.0,144.0,0.0
88,1985,0.0,24.0,0.0,408.0,192.0,0.0,0.0,1584.0,0.0,240.0,0.0,0.0,96.0,0.0,0.0,24.0,0.0,0.0,24.0,72.0,0.0,0.0,48.0,0.0
88,1986,0.0,144.0,0.0,264.0,312.0,0.0,48.0,2064.0,0.0,96.0,24.0,0.0,48.0,0.0,0.0,72.0,0.0,0.0,72.0,192.0,0.0,0.0,24.0,0.0
88,1987,0.0,24.0,0.0,480.0,168.0,120.0,24.0,1896.0,0.0,336.0,0.0,0.0,72.0,0.0,0.0,336.0,24.0,0.0,24.0,552.0,0.0,0.0,120.0,0.0
88,1988,0.0,48.0,0.0,384.0,264.0,0.0,0.0,576.0,0.0,312.0,48.0,0.0,0.0,0.0,24.0,144.0,0.0,0.0,0.0,96.0,0.0,0.0,0.0,0.0
88,1989,0.0,144.0,0.0,4776.0,312.0,0.0,48.0,2328.0,0.0,144.0,0.0,0.0,120.0,0.0,0.0,72.0,48.0,0.0,24.0,720.0,0.0,24.0,48.0,0.0
88,1990,0.0,264.0,0.0,3096.0,264.0,48.0,48.0,5568.0,0.0,0.0,72.0,0.0,0.0,0.0,0.0,192.0,72.0,0.0,0.0,192.0,0.0,0.0,48.0,0.0
88,1991,0.0,768.0,0.0,408.0,1344.0,48.0,48.0,14160.0,0.0,48.0,48.0,0.0,144.0,0.0,24.0,72.0,0.0,0.0,0.0,1224.0,0.0,0.0,72.0,0.0
88,1992,0.0,600.0,0.0,408.0,936.0,0.0,72.0,8352.0,0.0,24.0,48.0,0.0,24.0,0.0,0.0,96.0,24.0,0.0,0.0,1704.0,0.0,0.0,24.0,0.0
88,1993,0.0,840.0,0.0,168.0,240.0,120.0,72.0,1488.0,0.0,72.0,48.0,0.0,72.0,0.0,0.0,48.0,0.0,0.0,0.0,1320.0,0.0,0.0,144.0,0.0
88,1994,0.0,72.0,0.0,96.0,240.0,24.0,96.0,720.0,0.0,72.0,0.0,0.0,96.0,0.0,0.0,96.0,24.0,0.0,24.0,1944.0,0.0,0.0,0.0,0.0
88,1995,0.0,1608.0,0.0,2136.0,336.0,0.0,192.0,2664.0,0.0,96.0,0.0,0.0,120.0,0.0,24.0,48.0,0.0,0.0,0.0,1968.0,0.0,0.0,0.0,0.0
88,1996,0.0,24.0,0.0,1272.0,144.0,0.0,120.0,5256.0,0.0,48.0,72.0,0.0,24.0,0.0,48.0,24.0,24.0,0.0,0.0,4368.0,0.0,0.0,0.0,0.0
88,1997,0.0,624.0,0.0,120.0,744.0,0.0,144.0,7032.0,0.0,0.0,0.0,0.0,0.0,0.0,72.0,0.0,48.0,0.0,0.0,1536.0,0.0,0.0,0.0,0.0
88,1998,0.0,336.0,0.0,360.0,120.0,0.0,24.0,6864.0,0.0,0.0,0.0,0.0,48.0,0.0,0.0,24.0,0.0,0.0,24.0,48.0,0.0,0.0,48.0,0.0
88,1999,0.0,2016.0,0.0,696.0,168.0,0.0,96.0,4152.0,0.0,0.0,96.0,0.0,24.0,0.0,0.0,72.0,0.0,0.0,0.0,120.0,0.0,0.0,120.0,0.0
88,2000,0.0,768.0,0.0,1008.0,72.0,0.0,0.0,2808.0,0.0,0.0,24.0,0.0,24.0,0.0,0.0,0.0,0.0,0.0,0.0,456.0,0.0,24.0,48.0,0.0
88,2001,0.0,1656.0,0.0,1200.0,120.0,0.0,120.0,984.0,0.0,0.0,0.0,0.0,0.0,0.0,0.0,48.0,0.0,0.0,0.0,864.0,0.0,96.0,24.0,0.0
88,2002,0.0,2088.0,0.0,1320.0,168.0,0.0,96.0,888.0,0.0,0.0,48.0,0.0,264.0,0.0,0.0,72.0,96.0,0.0,0.0,3336.0,0.0,408.0,144.0,0.0
88,2003,0.0,1776.0,0.0,6312.0,144.0,0.0,96.0,2064.0,0.0,0.0,144.0,0.0,120.0,0.0,0.0,96.0,48.0,0.0,0.0,3696.0,0.0,552.0,48.0,0.0
88,2004,0.0,2112.0,0.0,624.0,216.0,0.0,24.0,2112.0,0.0,24.0,48.0,0.0,240.0,0.0,0.0,168.0,0.0,0.0,0.0,960.0,0.0,120.0,96.0,0.0
88,2005,0.0,1200.0,0.0,1080.0,168.0,0.0,48.0,2736.0,0.0,0.0,96.0,0.0,240.0,0.0,0.0,48.0,0.0,0.0,0.0,456.0,0.0,600.0,96.0,0.0
88,2006,0.0,1824.0,0.0,1512.0,120.0,0.0,312.0,2040.0,0.0,0.0,144.0,0.0,552.0,0.0,0.0,120.0,0.0,0.0,0.0,864.0,0.0,864.0,96.0,0.0
88,2007,0.0,1200.0,0.0,504.0,96.0,0.0,120.0,1368.0,0.0,0.0,96.0,0.0,648.0,0.0,0.0,216.0,24.0,0.0,0.0,312.0,0.0,1104.0,168.0,0.0
88,2008,0.0,744.0,0.0,240.0,168.0,0.0,312.0,720.0,0.0,0.0,0.0,0.0,264.0,0.0,0.0,120.0,0.0,0.0,0.0,432.0,0.0,360.0,24.0,0.0
88,2009,24.0,1200.0,0.0,408.0,48.0,0.0,120.0,960.0,0.0,24.0,0.0,0.0,264.0,0.0,24.0,240.0,0.0,0.0,0.0,1056.0,0.0,1296.0,24.0,0.0
88,2010,0.0,864.0,0.0,144.0,360.0,0.0,48.0,2232.0,0.0,0.0,96.0,0.0,384.0,0.0,0.0,216.0,24.0,0.0,0.0,312.0,0.0,288.0,96.0,0.0
88,2011,0.0,3960.0,0.0,216.0,312.0,0.0,192.0,3456.0,0.0,0.0,72.0,0.0,240.0,0.0,0.0,24.0,0.0,0.0,0.0,120.0,0.0,96.0,0.0,0.0
88,2012,24.0,888.0,0.0,96.0,216.0,0.0,96.0,3336.0,0.0,0.0,0.0,0.0,0.0,0.0,0.0,24.0,0.0,0.0,0.0,240.0,0.0,240.0,24.0,0.0
88,2013,0.0,648.0,0.0,96.0,264.0,0.0,288.0,1968.0,0.0,0.0,48.0,0.0,120.0,0.0,0.0,96.0,0.0,0.0,0.0,144.0,0.0,264.0,48.0,0.0
88,2014,0.0,288.0,0.0,72.0,480.0,0.0,192.0,2088.0,0.0,0.0,144.0,0.0,144.0,0.0,72.0,0.0,24.0,0.0,0.0,792.0,0.0,456.0,456.0,0.0
88,2017,24.0,96.0,0.0,192.0,144.0,0.0,432.0,144.0,0.0,0.0,0.0,0.0,24.0,0.0,0.0,24.0,0.0,0.0,0.0,528.0,0.0,360.0,24.0,0.0
109,1968,0.0,40.0,0.0,120.0,140.0,0.0,20.0,2300.0,0.0,0.0,20.0,0.0,0.0,0.0,0.0,0.0,0.0,0.0,720.0,560.0,0.0,40.0,0.0,0.0
109,1969,0.0,20.0,0.0,160.0,20.0,0.0,0.0,920.0,0.0,60.0,160.0,0.0,580.0,0.0,0.0,20.0,20.0,0.0,160.0,900.0,0.0,200.0,0.0,0.0
109,1970,0.0,0.0,0.0,20.0,100.0,0.0,20.0,1160.0,0.0,0.0,100.0,0.0,460.0,0.0,0.0,20.0,0.0,0.0,200.0,920.0,0.0,100.0,0.0,0.0
109,1971,0.0,60.0,0.0,220.0,280.0,0.0,0.0,2520.0,0.0,0.0,60.0,0.0,1140.0,0.0,0.0,20.0,100.0,0.0,620.0,840.0,0.0,20.0,40.0,0.0
109,1972,0.0,0.0,0.0,0.0,60.0,20.0,0.0,0.0,0.0,0.0,0.0,0.0,340.0,0.0,0.0,0.0,60.0,0.0,20.0,0.0,0.0,0.0,0.0,0.0
109,1973,0.0,0.0,0.0,20.0,240.0,0.0,20.0,2480.0,0.0,0.0,100.0,0.0,1140.0,0.0,0.0,0.0,0.0,0.0,1300.0,780.0,0.0,100.0,0.0,0.0
109,1974,0.0,0.0,0.0,40.0,60.0,0.0,0.0,2480.0,0.0,0.0,20.0,0.0,200.0,0.0,20.0,0.0,40.0,0.0,360.0,280.0,0.0,40.0,0.0,0.0
109,1975,0.0,0.0,0.0,380.0,60.0,0.0,20.0,2200.0,0.0,0.0,0.0,0.0,640.0,0.0,0.0,0.0,40.0,0.0,80.0,540.0,0.0,40.0,80.0,0.0
109,1976,0.0,0.0,0.0,180.0,200.0,0.0,0.0,5560.0,0.0,0.0,140.0,0.0,1120.0,0.0,0.0,0.0,140.0,0.0,120.0,180.0,0.0,20.0,20.0,0.0
114,1969,43.0,129.0,0.0,387.0,1118.0,86.0,0.0,4644.0,0.0,129.0,430.0,0.0,172.0,0.0,86.0,0.0,129.0,0.0,0.0,86.0,0.0,43.0,0.0,0.0
114,1970,43.0,602.0,0.0,430.0,1161.0,0.0,0.0,4773.0,0.0,0.0,301.0,0.0,258.0,0.0,129.0,0.0,258.0,0.0,86.0,172.0,0.0,86.0,0.0,0.0
114,1971,0.0,0.0,0.0,645.0,559.0,172.0,0.0,2451.0,0.0,0.0,258.0,0.0,0.0,0.0,0.0,0.0,43.0,0.0,0.0,86.0,0.0,172.0,0.0,0.0
114,1972,0.0,86.0,0.0,129.0,688.0,473.0,0.0,3096.0,0.0,0.0,387.0,0.0,0.0,0.0,0.0,0.0,215.0,0.0,0.0,129.0,0.0,129.0,0.0,0.0
114,1973,0.0,86.0,0.0,516.0,1548.0,0.0,0.0,2881.0,0.0,0.0,0.0,0.0,86.0,0.0,86.0,0.0,43.0,0.0,0.0,43.0,0.0,129.0,0.0,0.0
114,1974,0.0,172.0,0.0,215.0,172.0,0.0,0.0,4300.0,0.0,0.0,0.0,0.0,258.0,0.0,129.0,0.0,0.0,0.0,0.0,43.0,0.0,43.0,0.0,0.0
114,1975,86.0,0.0,0.0,2322.0,258.0,0.0,0.0,2752.0,0.0,0.0,0.0,0.0,86.0,0.0,129.0,0.0,129.0,0.0,0.0,860.0,0.0,0.0,43.0,0.0
114,1976,43.0,258.0,0.0,1333.0,774.0,129.0,0.0,9589.0,0.0,0.0,0.0,0.0,258.0,0.0,43.0,0.0,430.0,0.0,0.0,43.0,0.0,43.0,86.0,0.0
114,1977,43.0,344.0,0.0,1935.0,2365.0,0.0,0.0,7009.0,0.0,0.0,43.0,0.0,430.0,0.0,43.0,0.0,344.0,0.0,0.0,172.0,0.0,0.0,0.0,0.0
114,1978,215.0,86.0,0.0,86.0,516.0,215.0,0.0,3010.0,0.0,0.0,0.0,0.0,0.0,0.0,0.0,86.0,86.0,0.0,0.0,129.0,0.0,0.0,0.0,0.0
114,1979,0.0,86.0,0.0,215.0,2537.0,172.0,0.0,2107.0,0.0,0.0,215.0,0.0,129.0,0.0,0.0,0.0,172.0,0.0,0.0,129.0,0.0,0.0,0.0,0.0
114,1980,0.0,301.0,0.0,215.0,602.0,86.0,0.0,1806.0,0.0,0.0,43.0,0.0,0.0,0.0,0.0,0.0,129.0,0.0,0.0,129.0,0.0,0.0,0.0,0.0
114,1981,0.0,215.0,0.0,0.0,344.0,0.0,0.0,2881.0,0.0,0.0,0.0,0.0,86.0,0.0,43.0,0.0,0.0,0.0,0.0,86.0,0.0,0.0,0.0,0.0
114,1982,43.0,86.0,0.0,430.0,774.0,0.0,0.0,2623.0,0.0,0.0,86.0,0.0,86.0,0.0,0.0,0.0,172.0,0.0,0.0,172.0,0.0,43.0,0.0,0.0
114,1983,43.0,387.0,0.0,86.0,817.0,172.0,0.0,2322.0,0.0,0.0,0.0,0.0,43.0,0.0,43.0,0.0,43.0,0.0,0.0,86.0,0.0,86.0,129.0,0.0
114,1984,0.0,301.0,0.0,946.0,1978.0,86.0,0.0,4730.0,0.0,0.0,43.0,0.0,86.0,0.0,43.0,0.0,129.0,0.0,0.0,129.0,0.0,344.0,43.0,0.0
114,1985,43.0,430.0,0.0,344.0,1806.0,43.0,0.0,1806.0,0.0,0.0,0.0,0.0,129.0,0.0,0.0,86.0,215.0,0.0,0.0,86.0,0.0,172.0,172.0,0.0
114,1986,344.0,129.0,0.0,0.0,387.0,0.0,0.0,602.0,0.0,0.0,0.0,0.0,86.0,0.0,0.0,86.0,43.0,0.0,0.0,43.0,0.0,43.0,43.0,0.0
114,1987,0.0,129.0,0.0,43.0,903.0,258.0,0.0,1161.0,0.0,0.0,43.0,0.0,86.0,0.0,43.0,0.0,344.0,0.0,0.0,0.0,0.0,129.0,387.0,0.0
114,1988,0.0,172.0,0.0,0.0,989.0,215.0,0.0,602.0,0.0,0.0,43.0,0.0,129.0,0.0,0.0,129.0,430.0,0.0,0.0,43.0,0.0,43.0,215.0,0.0
114,1989,43.0,172.0,0.0,129.0,1247.0,0.0,0.0,989.0,0.0,0.0,43.0,0.0,86.0,0.0,0.0,86.0,0.0,0.0,129.0,258.0,0.0,129.0,172.0,0.0
126,1969,0.0,0.0,0.0,0.0,1312.0,0.0,0.0,528.0,0.0,0.0,128.0,0.0,0.0,0.0,48.0,0.0,0.0,0.0,0.0,16.0,0.0,368.0,0.0,0.0
126,1970,16.0,16.0,0.0,16.0,480.0,0.0,0.0,368.0,0.0,0.0,48.0,0.0,16.0,0.0,16.0,48.0,16.0,0.0,48.0,64.0,0.0,112.0,0.0,0.0
126,1971,64.0,0.0,0.0,64.0,224.0,0.0,0.0,800.0,0.0,0.0,48.0,0.0,0.0,0.0,16.0,0.0,16.0,32.0,0.0,0.0,0.0,32.0,0.0,0.0
126,1972,0.0,0.0,0.0,64.0,304.0,0.0,0.0,384.0,0.0,0.0,16.0,0.0,0.0,0.0,16.0,0.0,0.0,0.0,0.0,64.0,0.0,96.0,16.0,0.0
126,1973,0.0,0.0,0.0,48.0,1440.0,16.0,0.0,944.0,0.0,0.0,16.0,0.0,0.0,0.0,0.0,0.0,64.0,0.0,16.0,144.0,0.0,176.0,16.0,0.0
126,1974,0.0,0.0,0.0,32.0,192.0,0.0,0.0,336.0,0.0,0.0,32.0,0.0,0.0,0.0,0.0,0.0,0.0,0.0,48.0,32.0,0.0,48.0,0.0,0.0
126,1975,0.0,0.0,0.0,176.0,16.0,0.0,0.0,608.0,0.0,0.0,16.0,0.0,0.0,0.0,32.0,0.0,32.0,32.0,32.0,16.0,0.0,16.0,16.0,0.0
126,1976,0.0,0.0,0.0,464.0,992.0,16.0,0.0,3536.0,0.0,0.0,112.0,0.0,144.0,0.0,32.0,0.0,48.0,0.0,32.0,112.0,0.0,96.0,0.0,0.0
145,1970,0.0,104.0,0.0,494.0,26.0,78.0,26.0,1482.0,0.0,0.0,364.0,0.0,598.0,0.0,0.0,0.0,0.0,0.0,676.0,1976.0,0.0,0.0,0.0,0.0
145,1971,0.0,0.0,0.0,234.0,338.0,0.0,26.0,2834.0,0.0,0.0,1300.0,0.0,1378.0,0.0,0.0,130.0,52.0,0.0,1196.0,1118.0,0.0,0.0,0.0,0.0
145,1972,0.0,26.0,0.0,754.0,312.0,338.0,0.0,520.0,0.0,0.0,624.0,0.0,1430.0,0.0,0.0,0.0,104.0,0.0,1300.0,1456.0,0.0,0.0,0.0,0.0
145,1973,0.0,156.0,0.0,468.0,312.0,0.0,26.0,2080.0,0.0,0.0,130.0,0.0,3198.0,0.0,26.0,0.0,26.0,0.0,1664.0,4186.0,0.0,26.0,0.0,0.0
145,1974,0.0,0.0,0.0,52.0,26.0,0.0,0.0,0.0,0.0,0.0,26.0,0.0,1066.0,0.0,0.0,26.0,26.0,0.0,312.0,78.0,0.0,0.0,0.0,0.0
160,1970,0.0,24.0,0.0,0.0,36.0,0.0,0.0,792.0,0.0,0.0,24.0,0.0,156.0,0.0,36.0,0.0,0.0,0.0,372.0,0.0,0.0,0.0,132.0,0.0
160,1971,0.0,12.0,0.0,0.0,0.0,0.0,0.0,660.0,0.0,0.0,24.0,0.0,144.0,0.0,0.0,0.0,0.0,0.0,720.0,0.0,0.0,0.0,0.0,0.0
160,1972,0.0,0.0,0.0,132.0,48.0,36.0,0.0,60.0,0.0,0.0,0.0,0.0,168.0,0.0,0.0,0.0,0.0,0.0,636.0,0.0,0.0,0.0,108.0,0.0
160,1973,0.0,0.0,0.0,288.0,108.0,0.0,0.0,48.0,0.0,0.0,156.0,0.0,396.0,0.0,0.0,12.0,0.0,0.0,276.0,396.0,0.0,0.0,0.0,0.0
160,1974,12.0,0.0,0.0,720.0,24.0,0.0,0.0,180.0,0.0,0.0,120.0,0.0,192.0,0.0,0.0,0.0,0.0,0.0,60.0,84.0,0.0,0.0,0.0,0.0
160,1975,0.0,0.0,0.0,660.0,36.0,0.0,12.0,108.0,0.0,0.0,168.0,0.0,324.0,0.0,24.0,0.0,36.0,0.0,96.0,96.0,0.0,0.0,0.0,0.0
160,1976,0.0,0.0,0.0,792.0,60.0,0.0,0.0,396.0,0.0,12.0,0.0,0.0,12.0,0.0,0.0,60.0,0.0,0.0,0.0,48.0,0.0,0.0,0.0,0.0
180,1971,0.0,64.0,0.0,832.0,416.0,32.0,32.0,384.0,0.0,32.0,320.0,0.0,288.0,0.0,0.0,32.0,32.0,0.0,1664.0,1472.0,0.0,608.0,0.0,0.0
180,1972,0.0,192.0,0.0,1248.0,544.0,32.0,0.0,320.0,0.0,32.0,288.0,0.0,64.0,0.0,0.0,64.0,0.0,0.0,1376.0,3456.0,0.0,224.0,384.0,0.0
180,1973,0.0,64.0,0.0,3104.0,544.0,0.0,0.0,64.0,0.0,64.0,0.0,0.0,192.0,0.0,0.0,96.0,0.0,0.0,1248.0,2464.0,0.0,96.0,320.0,0.0
180,1974,0.0,128.0,0.0,1408.0,32.0,0.0,0.0,256.0,0.0,0.0,160.0,0.0,224.0,0.0,0.0,64.0,32.0,0.0,32.0,832.0,0.0,160.0,32.0,0.0
180,1975,32.0,64.0,0.0,11968.0,96.0,32.0,0.0,128.0,0.0,0.0,192.0,0.0,128.0,0.0,0.0,0.0,0.0,0.0,384.0,992.0,0.0,0.0,0.0,0.0
180,1976,0.0,0.0,0.0,10528.0,736.0,0.0,64.0,1536.0,0.0,0.0,416.0,0.0,448.0,0.0,0.0,64.0,32.0,0.0,544.0,1856.0,0.0,0.0,0.0,0.0
180,1977,0.0,32.0,0.0,640.0,1376.0,0.0,128.0,608.0,0.0,64.0,160.0,0.0,64.0,0.0,0.0,64.0,0.0,0.0,320.0,704.0,0.0,0.0,32.0,0.0
180,1978,0.0,192.0,0.0,128.0,896.0,0.0,96.0,352.0,0.0,0.0,128.0,0.0,128.0,0.0,0.0,0.0,0.0,0.0,928.0,1856.0,0.0,0.0,0.0,0.0
180,1979,0.0,288.0,0.0,480.0,448.0,0.0,0.0,320.0,0.0,0.0,64.0,0.0,64.0,0.0,0.0,32.0,0.0,0.0,384.0,512.0,0.0,0.0,0.0,0.0
180,1980,0.0,0.0,0.0,512.0,288.0,0.0,32.0,256.0,0.0,0.0,0.0,0.0,64.0,0.0,0.0,0.0,0.0,0.0,352.0,1952.0,0.0,0.0,0.0,0.0
180,1981,0.0,320.0,0.0,1248.0,544.0,0.0,64.0,192.0,0.0,0.0,32.0,0.0,320.0,0.0,0.0,0.0,32.0,64.0,352.0,3168.0,0.0,96.0,32.0,0.0
180,1982,0.0,0.0,0.0,832.0,320.0,0.0,0.0,384.0,0.0,32.0,96.0,0.0,192.0,0.0,0.0,64.0,0.0,64.0,544.0,13856.0,0.0,0.0,64.0,0.0
180,1984,0.0,224.0,0.0,736.0,992.0,0.0,64.0,1152.0,0.0,0.0,64.0,32.0,32.0,0.0,0.0,32.0,0.0,0.0,192.0,1600.0,0.0,96.0,32.0,0.0
180,1985,0.0,96.0,0.0,1152.0,192.0,32.0,0.0,800.0,0.0,32.0,0.0,0.0,64.0,0.0,0.0,0.0,0.0,0.0,128.0,928.0,0.0,64.0,32.0,0.0
180,1986,0.0,64.0,0.0,1024.0,256.0,0.0,0.0,256.0,0.0,0.0,224.0,0.0,224.0,0.0,0.0,0.0,0.0,32.0,64.0,992.0,0.0,0.0,0.0,0.0
180,1987,0.0,128.0,0.0,1056.0,96.0,0.0,0.0,480.0,0.0,160.0,0.0,0.0,256.0,0.0,0.0,128.0,0.0,0.0,320.0,1312.0,0.0,1216.0,224.0,0.0
180,1988,0.0,0.0,0.0,32.0,96.0,0.0,0.0,192.0,0.0,32.0,32.0,0.0,640.0,0.0,0.0,64.0,0.0,0.0,64.0,224.0,0.0,960.0,0.0,0.0
180,1989,0.0,0.0,0.0,2144.0,32.0,0.0,0.0,256.0,0.0,0.0,0.0,0.0,160.0,0.0,0.0,0.0,0.0,32.0,96.0,512.0,0.0,800.0,0.0,0.0
180,1990,0.0,64.0,0.0,704.0,224.0,0.0,0.0,1312.0,0.0,0.0,32.0,0.0,96.0,0.0,0.0,32.0,32.0,0.0,32.0,96.0,0.0,0.0,64.0,0.0
186,1971,78.0,0.0,0.0,1989.0,117.0,39.0,0.0,1599.0,39.0,0.0,429.0,0.0,156.0,0.0,39.0,0.0,0.0,234.0,78.0,117.0,0.0,1131.0,0.0,0.0
186,1972,39.0,0.0,0.0,585.0,546.0,0.0,0.0,1755.0,0.0,0.0,195.0,0.0,117.0,0.0,0.0,78.0,0.0,78.0,39.0,156.0,0.0,1131.0,195.0,0.0
186,1973,0.0,0.0,0.0,819.0,2184.0,0.0,0.0,3744.0,0.0,0.0,780.0,0.0,546.0,0.0,39.0,0.0,0.0,195.0,312.0,975.0,39.0,2886.0,117.0,0.0
186,1974,0.0,0.0,0.0,975.0,663.0,0.0,0.0,1092.0,0.0,0.0,0.0,0.0,195.0,0.0,39.0,0.0,0.0,0.0,78.0,663.0,39.0,624.0,156.0,0.0
186,1975,0.0,78.0,0.0,21021.0,156.0,0.0,0.0,858.0,0.0,0.0,117.0,0.0,312.0,0.0,78.0,0.0,0.0,39.0,39.0,156.0,0.0,546.0,78.0,0.0
186,1976,0.0,0.0,0.0,0.0,1794.0,0.0,0.0,2535.0,0.0,0.0,351.0,0.0,0.0,39.0,0.0,0.0,0.0,0.0,78.0,13728.0,0.0,0.0,0.0,0.0
186,1977,117.0,0.0,0.0,273.0,1092.0,0.0,0.0,6747.0,0.0,0.0,0.0,0.0,0.0,0.0,0.0,0.0,0.0,78.0,0.0,195.0,0.0,0.0,0.0,0.0
186,1981,39.0,0.0,0.0,0.0,156.0,117.0,0.0,1872.0,0.0,0.0,78.0,0.0,234.0,0.0,0.0,0.0,0.0,117.0,195.0,468.0,0.0,0.0,39.0,0.0
212,1972,0.0,0.0,0.0,304.0,684.0,19.0,0.0,114.0,0.0,0.0,19.0,0.0,741.0,0.0,0.0,0.0,190.0,19.0,608.0,76.0,0.0,19.0,19.0,0.0
212,1973,0.0,0.0,0.0,209.0,323.0,0.0,0.0,171.0,0.0,0.0,19.0,0.0,1007.0,0.0,0.0,0.0,0.0,0.0,532.0,133.0,0.0,0.0,19.0,0.0
212,1974,0.0,0.0,0.0,247.0,152.0,0.0,0.0,437.0,0.0,0.0,0.0,0.0,817.0,0.0,0.0,0.0,0.0,0.0,380.0,152.0,0.0,0.0,38.0,0.0
212,1975,0.0,0.0,0.0,304.0,76.0,0.0,0.0,190.0,0.0,0.0,0.0,0.0,874.0,0.0,0.0,0.0,0.0,0.0,209.0,133.0,0.0,0.0,57.0,0.0
212,1976,0.0,0.0,0.0,1064.0,342.0,0.0,0.0,1862.0,0.0,0.0,0.0,0.0,1387.0,0.0,0.0,0.0,19.0,0.0,133.0,38.0,0.0,0.0,0.0,0.0
212,1977,0.0,0.0,0.0,266.0,1824.0,0.0,0.0,1539.0,0.0,0.0,0.0,0.0,1140.0,0.0,0.0,0.0,19.0,0.0,0.0,0.0,0.0,0.0,0.0,0.0
212,1978,0.0,19.0,0.0,513.0,551.0,0.0,0.0,399.0,0.0,0.0,19.0,0.0,437.0,0.0,0.0,0.0,38.0,0.0,95.0,57.0,0.0,0.0,19.0,0.0
212,1979,0.0,0.0,0.0,114.0,456.0,0.0,0.0,380.0,0.0,0.0,0.0,0.0,608.0,0.0,0.0,0.0,76.0,0.0,95.0,418.0,0.0,0.0,0.0,0.0
212,1980,0.0,0.0,0.0,361.0,285.0,0.0,19.0,323.0,0.0,0.0,57.0,0.0,133.0,0.0,0.0,0.0,57.0,0.0,114.0,551.0,0.0,0.0,0.0,0.0
212,1981,0.0,0.0,0.0,323.0,380.0,0.0,0.0,209.0,0.0,0.0,0.0,0.0,475.0,0.0,0.0,0.0,0.0,0.0,285.0,703.0,0.0,0.0,0.0,0.0
212,1982,76.0,19.0,0.0,209.0,494.0,0.0,0.0,304.0,0.0,0.0,76.0,0.0,1862.0,0.0,0.0,0.0,19.0,0.0,133.0,285.0,0.0,0.0,0.0,0.0
212,1983,0.0,19.0,0.0,551.0,266.0,0.0,0.0,247.0,0.0,0.0,19.0,0.0,798.0,0.0,0.0,0.0,0.0,0.0,57.0,114.0,0.0,0.0,19.0,0.0
212,1984,0.0,0.0,0.0,114.0,285.0,0.0,0.0,1026.0,0.0,0.0,0.0,0.0,570.0,0.0,0.0,0.0,38.0,0.0,190.0,76.0,0.0,0.0,0.0,0.0
212,1985,76.0,0.0,0.0,95.0,304.0,0.0,0.0,684.0,0.0,0.0,19.0,0.0,190.0,0.0,0.0,0.0,0.0,0.0,95.0,266.0,0.0,0.0,95.0,0.0
212,1986,19.0,0.0,0.0,76.0,76.0,0.0,0.0,247.0,0.0,0.0,57.0,0.0,38.0,0.0,0.0,0.0,0.0,0.0,171.0,19.0,0.0,0.0,0.0,0.0
212,1987,0.0,19.0,0.0,589.0,475.0,0.0,0.0,209.0,0.0,0.0,0.0,0.0,342.0,0.0,0.0,0.0,57.0,0.0,323.0,171.0,0.0,0.0,0.0,0.0
212,1988,0.0,0.0,0.0,323.0,171.0,0.0,19.0,38.0,0.0,0.0,95.0,0.0,266.0,0.0,0.0,19.0,0.0,0.0,190.0,152.0,0.0,0.0,19.0,0.0
212,1989,0.0,0.0,0.0,1368.0,57.0,0.0,0.0,266.0,0.0,0.0,0.0,0.0,209.0,0.0,0.0,0.0,0.0,0.0,152.0,133.0,0.0,0.0,19.0,0.0
212,1990,57.0,19.0,0.0,247.0,399.0,0.0,19.0,1444.0,0.0,0.0,0.0,0.0,532.0,0.0,0.0,19.0,19.0,0.0,57.0,266.0,0.0,0.0,133.0,0.0
212,1991,0.0,19.0,0.0,57.0,1083.0,0.0,0.0,741.0,0.0,0.0,0.0,0.0,76.0,0.0,0.0,0.0,0.0,0.0,95.0,95.0,0.0,0.0,19.0,0.0
212,1992,76.0,19.0,0.0,437.0,836.0,0.0,0.0,1330.0,0.0,0.0,19.0,0.0,152.0,0.0,0.0,0.0,19.0,0.0,171.0,95.0,0.0,0.0,57.0,0.0
212,1993,0.0,19.0,0.0,190.0,152.0,0.0,0.0,1045.0,0.0,0.0,19.0,0.0,1159.0,0.0,0.0,0.0,0.0,0.0,95.0,19.0,0.0,0.0,19.0,0.0
212,1994,0.0,0.0,0.0,228.0,114.0,0.0,0.0,1406.0,0.0,0.0,0.0,0.0,627.0,0.0,0.0,0.0,0.0,0.0,95.0,57.0,0.0,0.0,133.0,0.0
212,1995,0.0,38.0,0.0,2527.0,171.0,0.0,0.0,2983.0,0.0,0.0,0.0,0.0,1349.0,0.0,0.0,0.0,0.0,0.0,95.0,247.0,0.0,0.0,76.0,0.0
212,1996,19.0,0.0,0.0,2432.0,1159.0,0.0,0.0,4978.0,0.0,0.0,38.0,0.0,361.0,0.0,0.0,0.0,19.0,0.0,152.0,76.0,0.0,0.0,19.0,0.0
212,1997,0.0,0.0,0.0,1064.0,931.0,0.0,0.0,3268.0,0.0,0.0,19.0,0.0,532.0,0.0,0.0,0.0,0.0,0.0,95.0,76.0,0.0,0.0,0.0,0.0
212,1998,0.0,0.0,0.0,437.0,133.0,0.0,0.0,1178.0,0.0,0.0,0.0,0.0,532.0,0.0,0.0,0.0,0.0,0.0,95.0,76.0,0.0,0.0,38.0,0.0
212,1999,0.0,0.0,0.0,437.0,57.0,0.0,0.0,1216.0,0.0,0.0,0.0,0.0,171.0,0.0,0.0,0.0,19.0,0.0,0.0,57.0,0.0,0.0,19.0,0.0
212,2000,0.0,19.0,0.0,513.0,247.0,0.0,0.0,1387.0,0.0,0.0,0.0,0.0,494.0,0.0,0.0,0.0,0.0,0.0,19.0,323.0,0.0,0.0,19.0,0.0
212,2001,0.0,0.0,0.0,722.0,152.0,0.0,0.0,608.0,0.0,0.0,0.0,0.0,76.0,0.0,0.0,0.0,0.0,0.0,19.0,171.0,0.0,0.0,0.0,0.0
212,2002,0.0,19.0,0.0,76.0,152.0,0.0,0.0,798.0,0.0,0.0,0.0,0.0,57.0,0.0,0.0,0.0,0.0,0.0,19.0,266.0,0.0,0.0,0.0,0.0
212,2003,0.0,19.0,0.0,4085.0,304.0,0.0,0.0,1938.0,0.0,0.0,0.0,0.0,760.0,0.0,0.0,0.0,19.0,0.0,95.0,532.0,0.0,0.0,38.0,0.0
212,2004,0.0,0.0,0.0,285.0,893.0,0.0,0.0,2565.0,0.0,0.0,19.0,0.0,1216.0,0.0,0.0,0.0,0.0,0.0,171.0,380.0,0.0,0.0,19.0,0.0
212,2005,0.0,0.0,0.0,589.0,266.0,0.0,0.0,2641.0,0.0,0.0,0.0,19.0,1026.0,0.0,0.0,0.0,0.0,0.0,76.0,855.0,0.0,304.0,57.0,0.0
212,2006,0.0,38.0,0.0,665.0,247.0,0.0,0.0,722.0,0.0,0.0,19.0,0.0,456.0,0.0,0.0,0.0,19.0,0.0,76.0,551.0,0.0,608.0,38.0,0.0
212,2007,0.0,57.0,0.0,1045.0,57.0,0.0,0.0,323.0,0.0,0.0,0.0,0.0,2204.0,0.0,0.0,0.0,38.0,0.0,19.0,475.0,0.0,437.0,38.0,0.0
212,2008,0.0,38.0,0.0,209.0,361.0,0.0,0.0,456.0,0.0,0.0,38.0,0.0,494.0,0.0,0.0,0.0,0.0,0.0,57.0,703.0,0.0,2337.0,0.0,0.0
212,2009,0.0,0.0,0.0,304.0,190.0,0.0,0.0,247.0,0.0,0.0,76.0,0.0,2489.0,0.0,0.0,0.0,0.0,0.0,38.0,1216.0,0.0,2546.0,19.0,0.0
212,2010,0.0,0.0,0.0,0.0,0.0,0.0,0.0,114.0,0.0,0.0,19.0,0.0,0.0,0.0,0.0,0.0,0.0,0.0,0.0,0.0,0.0,133.0,0.0,0.0
212,2011,0.0,152.0,0.0,95.0,1045.0,19.0,0.0,551.0,0.0,0.0,19.0,0.0,570.0,0.0,0.0,0.0,0.0,0.0,38.0,1083.0,0.0,209.0,38.0,0.0
212,2012,19.0,57.0,0.0,57.0,152.0,0.0,0.0,266.0,0.0,0.0,38.0,0.0,437.0,0.0,0.0,0.0,0.0,0.0,0.0,988.0,0.0,152.0,19.0,0.0
212,2013,0.0,38.0,0.0,0.0,76.0,0.0,0.0,57.0,0.0,0.0,19.0,0.0,266.0,0.0,0.0,0.0,0.0,0.0,19.0,190.0,0.0,323.0,19.0,0.0
212,2014,0.0,38.0,0.0,418.0,38.0,0.0,0.0,114.0,0.0,0.0,19.0,0.0,304.0,0.0,0.0,0.0,0.0,0.0,0.0,779.0,0.0,551.0,76.0,0.0
212,2015,19.0,38.0,0.0,722.0,76.0,0.0,0.0,76.0,0.0,19.0,0.0,0.0,95.0,0.0,0.0,0.0,0.0,0.0,19.0,665.0,0.0,114.0,38.0,0.0
212,2016,19.0,57.0,0.0,95.0,209.0,0.0,0.0,19.0,0.0,0.0,0.0,0.0,57.0,0.0,0.0,0.0,0.0,0.0,0.0,209.0,0.0,684.0,19.0,0.0
212,2017,0.0,95.0,0.0,1159.0,76.0,0.0,0.0,38.0,0.0,0.0,38.0,0.0,285.0,0.0,0.0,0.0,0.0,0.0,19.0,988.0,0.0,551.0,19.0,0.0
212,2018,76.0,38.0,0.0,1938.0,19.0,0.0,0.0,133.0,0.0,0.0,38.0,0.0,19.0,0.0,0.0,0.0,0.0,0.0,38.0,817.0,0.0,475.0,0.0,0.0
216,1972,0.0,286.0,0.0,242.0,154.0,22.0,0.0,6534.0,0.0,0.0,88.0,0.0,110.0,0.0,66.0,66.0,0.0,0.0,0.0,242.0,0.0,0.0,0.0,0.0
216,1973,0.0,242.0,0.0,198.0,176.0,22.0,66.0,5170.0,0.0,0.0,22.0,0.0,154.0,0.0,132.0,66.0,0.0,0.0,66.0,176.0,0.0,22.0,0.0,0.0
216,1974,0.0,506.0,0.0,22.0,22.0,0.0,66.0,6732.0,0.0,0.0,44.0,0.0,44.0,0.0,0.0,66.0,0.0,0.0,0.0,484.0,0.0,0.0,44.0,0.0
216,1975,0.0,550.0,0.0,924.0,22.0,22.0,44.0,4620.0,0.0,0.0,22.0,0.0,88.0,0.0,0.0,22.0,22.0,0.0,0.0,198.0,0.0,22.0,22.0,0.0
216,1976,0.0,462.0,0.0,858.0,110.0,0.0,242.0,7722.0,0.0,0.0,88.0,0.0,264.0,0.0,0.0,22.0,0.0,0.0,0.0,264.0,0.0,0.0,110.0,0.0
216,1977,0.0,682.0,0.0,198.0,528.0,0.0,44.0,3630.0,0.0,0.0,0.0,0.0,22.0,0.0,22.0,22.0,0.0,0.0,44.0,220.0,0.0,0.0,88.0,0.0
257,1973,0.0,0.0,0.0,442.0,130.0,13.0,13.0,3328.0,0.0,0.0,65.0,0.0,325.0,0.0,13.0,0.0,104.0,0.0,416.0,923.0,0.0,13.0,52.0,0.0
257,1974,0.0,13.0,0.0,169.0,65.0,0.0,0.0,3367.0,0.0,0.0,0.0,0.0,260.0,0.0,52.0,0.0,52.0,0.0,169.0,2912.0,0.0,0.0,13.0,0.0
257,1975,0.0,52.0,0.0,520.0,78.0,0.0,13.0,3159.0,0.0,0.0,26.0,0.0,195.0,0.0,13.0,26.0,0.0,0.0,260.0,1495.0,0.0,0.0,26.0,0.0
257,1976,0.0,13.0,0.0,3900.0,182.0,13.0,104.0,13520.0,0.0,0.0,13.0,0.0,442.0,0.0,0.0,0.0,26.0,0.0,247.0,2145.0,0.0,0.0,78.0,0.0
257,1977,0.0,65.0,0.0,143.0,468.0,0.0,104.0,29640.0,0.0,0.0,0.0,0.0,247.0,0.0,0.0,0.0,117.0,0.0,247.0,871.0,0.0,0.0,0.0,0.0
257,1978,0.0,156.0,0.0,234.0,572.0,13.0,26.0,8788.0,0.0,0.0,0.0,0.0,156.0,0.0,13.0,0.0,78.0,13.0,143.0,1378.0,0.0,0.0,39.0,0.0
257,1979,0.0,143.0,0.0,195.0,156.0,13.0,52.0,4901.0,0.0,0.0,13.0,0.0,234.0,0.0,0.0,0.0,0.0,0.0,169.0,1300.0,0.0,0.0,13.0,0.0
257,1980,0.0,117.0,0.0,182.0,130.0,13.0,0.0,2366.0,0.0,0.0,0.0,0.0,78.0,0.0,13.0,0.0,52.0,0.0,91.0,1950.0,0.0,0.0,52.0,0.0
257,1981,0.0,130.0,0.0,26.0,78.0,26.0,0.0,1547.0,0.0,0.0,0.0,0.0,0.0,0.0,0.0,0.0,13.0,0.0,26.0,1157.0,0.0,0.0,78.0,0.0
257,1982,0.0,78.0,0.0,221.0,78.0,39.0,26.0,3042.0,0.0,0.0,13.0,0.0,26.0,0.0,0.0,0.0,39.0,0.0,117.0,3653.0,0.0,0.0,39.0,0.0
257,1983,0.0,39.0,0.0,156.0,221.0,26.0,39.0,3913.0,0.0,0.0,13.0,0.0,39.0,0.0,13.0,13.0,26.0,0.0,182.0,884.0,0.0,0.0,91.0,0.0
278,1976,0.0,0.0,0.0,0.0,203.0,0.0,0.0,70.0,0.0,0.0,0.0,0.0,42.0,0.0,0.0,0.0,0.0,0.0,91.0,0.0,0.0,0.0,0.0,0.0
278,1977,7.0,0.0,0.0,0.0,1372.0,0.0,0.0,21.0,0.0,0.0,0.0,0.0,28.0,0.0,0.0,0.0,0.0,0.0,189.0,21.0,0.0,0.0,0.0,0.0
278,1978,0.0,0.0,0.0,0.0,1379.0,0.0,0.0,28.0,0.0,0.0,0.0,0.0,0.0,0.0,0.0,0.0,0.0,0.0,350.0,7.0,0.0,0.0,0.0,0.0
278,1979,7.0,0.0,0.0,0.0,490.0,7.0,0.0,7.0,0.0,0.0,0.0,0.0,14.0,0.0,0.0,0.0,0.0,0.0,161.0,14.0,0.0,0.0,0.0,0.0
278,1980,0.0,7.0,0.0,0.0,154.0,0.0,0.0,0.0,0.0,0.0,0.0,0.0,21.0,0.0,0.0,0.0,0.0,0.0,350.0,7.0,0.0,0.0,0.0,0.0
278,1981,7.0,0.0,0.0,0.0,77.0,0.0,0.0,0.0,0.0,0.0,0.0,0.0,0.0,0.0,0.0,0.0,0.0,0.0,0.0,7.0,0.0,0.0,0.0,0.0
328,1976,0.0,120.0,0.0,23760.0,990.0,30.0,330.0,29730.0,0.0,0.0,30.0,0.0,810.0,0.0,60.0,120.0,30.0,0.0,0.0,300.0,0.0,0.0,30.0,0.0
328,1977,0.0,0.0,0.0,570.0,2790.0,0.0,240.0,43800.0,0.0,0.0,120.0,0.0,210.0,0.0,0.0,60.0,0.0,0.0,90.0,0.0,0.0,0.0,30.0,0.0
328,1978,0.0,0.0,0.0,660.0,1560.0,0.0,0.0,27060.0,0.0,0.0,30.0,0.0,300.0,0.0,0.0,210.0,0.0,0.0,0.0,1770.0,0.0,0.0,0.0,0.0
328,1979,0.0,0.0,0.0,690.0,690.0,0.0,60.0,26160.0,0.0,0.0,0.0,0.0,180.0,0.0,0.0,150.0,0.0,0.0,60.0,90.0,0.0,0.0,60.0,0.0
328,1980,0.0,30.0,0.0,2820.0,300.0,0.0,90.0,11610.0,0.0,30.0,180.0,0.0,180.0,0.0,0.0,180.0,30.0,0.0,90.0,570.0,0.0,0.0,0.0,0.0
328,1981,0.0,0.0,0.0,510.0,270.0,0.0,30.0,7500.0,0.0,30.0,150.0,0.0,90.0,0.0,0.0,60.0,0.0,0.0,0.0,390.0,0.0,0.0,0.0,0.0
381,1978,0.0,391.0,0.0,1242.0,575.0,46.0,0.0,1748.0,0.0,0.0,0.0,0.0,0.0,0.0,0.0,207.0,23.0,0.0,0.0,805.0,0.0,0.0,0.0,0.0
381,1979,0.0,1311.0,0.0,1679.0,391.0,0.0,23.0,2093.0,0.0,0.0,69.0,0.0,23.0,0.0,92.0,23.0,0.0,0.0,23.0,851.0,0.0,0.0,23.0,0.0
381,1980,0.0,920.0,0.0,2185.0,253.0,0.0,0.0,1104.0,0.0,0.0,23.0,0.0,0.0,0.0,0.0,92.0,0.0,0.0,0.0,1909.0,0.0,0.0,23.0,0.0
381,1981,0.0,184.0,0.0,621.0,92.0,0.0,0.0,1035.0,0.0,0.0,0.0,0.0,0.0,0.0,0.0,46.0,0.0,0.0,0.0,713.0,0.0,0.0,46.0,0.0
381,1982,0.0,115.0,0.0,2599.0,46.0,0.0,0.0,1081.0,0.0,0.0,46.0,0.0,23.0,0.0,0.0,138.0,0.0,0.0,23.0,1403.0,0.0,0.0,0.0,0.0
381,1983,0.0,184.0,0.0,759.0,46.0,0.0,0.0,943.0,0.0,0.0,0.0,0.0,0.0,0.0,0.0,23.0,0.0,0.0,0.0,230.0,0.0,23.0,161.0,0.0
381,1984,0.0,414.0,0.0,1978.0,230.0,23.0,0.0,1610.0,0.0,0.0,23.0,0.0,0.0,0.0,0.0,0.0,0.0,0.0,0.0,552.0,0.0,0.0,92.0,0.0
381,1985,0.0,92.0,0.0,23.0,161.0,0.0,23.0,851.0,0.0,0.0,437.0,0.0,46.0,0.0,0.0,115.0,0.0,0.0,23.0,1771.0,0.0,0.0,0.0,0.0
381,1986,0.0,115.0,0.0,2231.0,253.0,0.0,0.0,598.0,0.0,0.0,184.0,0.0,69.0,0.0,0.0,46.0,0.0,0.0,69.0,575.0,0.0,0.0,0.0,0.0
381,1987,0.0,138.0,0.0,1242.0,207.0,0.0,0.0,552.0,0.0,0.0,253.0,0.0,69.0,0.0,0.0,161.0,0.0,0.0,0.0,345.0,0.0,0.0,23.0,0.0
381,1988,0.0,276.0,0.0,1196.0,276.0,23.0,0.0,299.0,0.0,0.0,92.0,0.0,23.0,0.0,0.0,92.0,0.0,0.0,23.0,690.0,0.0,0.0,46.0,0.0
381,1989,0.0,483.0,0.0,3013.0,138.0,0.0,0.0,437.0,0.0,23.0,0.0,0.0,23.0,0.0,0.0,161.0,23.0,0.0,0.0,506.0,0.0,0.0,23.0,0.0
381,1990,0.0,1196.0,0.0,2231.0,322.0,23.0,46.0,1058.0,0.0,0.0,69.0,0.0,69.0,0.0,0.0,184.0,0.0,0.0,23.0,644.0,0.0,0.0,69.0,0.0
381,1991,0.0,966.0,0.0,805.0,621.0,0.0,46.0,1058.0,0.0,0.0,46.0,0.0,92.0,0.0,0.0,184.0,0.0,0.0,0.0,276.0,0.0,0.0,276.0,0.0
381,1992,0.0,1725.0,0.0,2024.0,621.0,0.0,115.0,1311.0,0.0,0.0,69.0,0.0,207.0,0.0,0.0,184.0,0.0,0.0,0.0,460.0,0.0,0.0,138.0,0.0
381,1993,0.0,598.0,0.0,1196.0,184.0,0.0,46.0,644.0,0.0,0.0,46.0,0.0,69.0,0.0,0.0,0.0,0.0,0.0,0.0,184.0,0.0,0.0,69.0,0.0
381,1994,0.0,460.0,0.0,2024.0,115.0,0.0,69.0,736.0,0.0,23.0,0.0,0.0,69.0,0.0,23.0,46.0,0.0,0.0,0.0,207.0,0.0,0.0,138.0,0.0
381,1995,0.0,920.0,0.0,2093.0,207.0,0.0,138.0,897.0,0.0,0.0,0.0,0.0,23.0,0.0,0.0,69.0,0.0,0.0,0.0,552.0,0.0,0.0,92.0,0.0
381,1996,0.0,437.0,0.0,1104.0,460.0,0.0,46.0,690.0,0.0,23.0,0.0,0.0,23.0,0.0,0.0,0.0,0.0,0.0,0.0,299.0,0.0,0.0,46.0,0.0
381,1997,0.0,506.0,0.0,2484.0,391.0,0.0,92.0,2415.0,0.0,46.0,23.0,0.0,46.0,0.0,0.0,23.0,0.0,0.0,23.0,736.0,0.0,0.0,115.0,0.0
381,1998,0.0,276.0,0.0,368.0,92.0,0.0,0.0,1219.0,0.0,0.0,0.0,0.0,46.0,0.0,0.0,0.0,0.0,0.0,0.0,115.0,0.0,0.0,69.0,0.0
381,1999,0.0,391.0,0.0,736.0,46.0,0.0,115.0,1196.0,0.0,0.0,0.0,0.0,0.0,0.0,0.0,0.0,0.0,0.0,0.0,207.0,0.0,0.0,0.0,0.0
381,2000,0.0,460.0,0.0,1012.0,368.0,0.0,0.0,805.0,0.0,0.0,23.0,0.0,46.0,0.0,0.0,0.0,0.0,0.0,0.0,529.0,0.0,0.0,69.0,0.0
381,2001,0.0,667.0,0.0,253.0,92.0,0.0,0.0,483.0,0.0,0.0,0.0,0.0,46.0,0.0,0.0,23.0,0.0,0.0,0.0,207.0,0.0,0.0,23.0,0.0
381,2002,0.0,207.0,0.0,437.0,115.0,0.0,46.0,322.0,0.0,0.0,0.0,0.0,0.0,0.0,0.0,0.0,0.0,0.0,0.0,437.0,0.0,0.0,23.0,0.0
381,2003,0.0,621.0,0.0,4692.0,23.0,0.0,69.0,414.0,0.0,0.0,0.0,0.0,46.0,0.0,0.0,0.0,0.0,0.0,23.0,207.0,0.0,529.0,23.0,0.0
381,2004,0.0,506.0,0.0,552.0,92.0,0.0,115.0,345.0,0.0,0.0,0.0,0.0,46.0,0.0,0.0,23.0,0.0,0.0,0.0,391.0,0.0,115.0,23.0,0.0
414,1980,144.0,72.0,0.0,576.0,288.0,0.0,0.0,1134.0,0.0,540.0,36.0,0.0,90.0,0.0,0.0,18.0,0.0,0.0,36.0,252.0,0.0,0.0,0.0,0.0
414,1981,180.0,36.0,0.0,198.0,108.0,0.0,0.0,1368.0,0.0,90.0,36.0,0.0,72.0,0.0,0.0,54.0,0.0,0.0,18.0,306.0,0.0,0.0,36.0,0.0
414,1982,288.0,54.0,0.0,630.0,234.0,0.0,0.0,3060.0,0.0,0.0,54.0,0.0,126.0,0.0,0.0,144.0,18.0,0.0,18.0,522.0,0.0,0.0,0.0,0.0
414,1983,144.0,54.0,0.0,180.0,216.0,54.0,36.0,2034.0,0.0,36.0,90.0,0.0,0.0,0.0,0.0,18.0,18.0,0.0,0.0,288.0,0.0,0.0,36.0,0.0
414,1984,144.0,162.0,0.0,414.0,468.0,0.0,36.0,3600.0,0.0,0.0,18.0,0.0,36.0,0.0,0.0,0.0,0.0,0.0,18.0,144.0,0.0,0.0,108.0,0.0
414,1985,468.0,36.0,0.0,252.0,756.0,0.0,18.0,882.0,0.0,252.0,18.0,0.0,36.0,0.0,0.0,0.0,0.0,0.0,18.0,90.0,0.0,0.0,36.0,0.0
465,1986,0.0,0.0,0.0,0.0,144.0,0.0,0.0,0.0,0.0,0.0,128.0,0.0,88.0,0.0,8.0,32.0,0.0,0.0,48.0,280.0,0.0,0.0,0.0,0.0
465,1987,0.0,0.0,0.0,16.0,168.0,0.0,0.0,0.0,0.0,0.0,312.0,0.0,112.0,0.0,0.0,32.0,0.0,32.0,24.0,216.0,0.0,0.0,0.0,0.0
465,1988,0.0,0.0,0.0,0.0,64.0,8.0,0.0,0.0,0.0,0.0,24.0,0.0,56.0,0.0,0.0,0.0,0.0,8.0,32.0,192.0,0.0,0.0,80.0,0.0
465,1989,0.0,0.0,0.0,24.0,208.0,8.0,0.0,8.0,0.0,0.0,0.0,0.0,184.0,0.0,0.0,24.0,0.0,0.0,24.0,1008.0,0.0,0.0,56.0,8.0
465,1990,0.0,0.0,0.0,72.0,264.0,8.0,0.0,0.0,0.0,0.0,88.0,0.0,136.0,0.0,0.0,40.0,0.0,56.0,72.0,768.0,0.0,0.0,104.0,0.0
465,1991,0.0,8.0,0.0,0.0,752.0,16.0,0.0,8.0,0.0,0.0,120.0,0.0,136.0,0.0,8.0,56.0,0.0,8.0,120.0,936.0,0.0,0.0,336.0,0.0
469,1987,0.0,0.0,0.0,16.0,20.0,0.0,0.0,28.0,0.0,0.0,0.0,0.0,0.0,0.0,0.0,0.0,0.0,0.0,0.0,28.0,0.0,0.0,0.0,0.0
469,1988,0.0,0.0,0.0,112.0,4.0,0.0,0.0,12.0,0.0,0.0,12.0,0.0,24.0,0.0,0.0,40.0,0.0,0.0,0.0,12.0,0.0,0.0,0.0,0.0
469,1989,0.0,0.0,0.0,4.0,20.0,0.0,0.0,4.0,0.0,0.0,0.0,0.0,0.0,0.0,0.0,0.0,0.0,0.0,0.0,8.0,0.0,0.0,0.0,0.0
469,1990,0.0,0.0,0.0,24.0,60.0,0.0,0.0,32.0,0.0,0.0,0.0,0.0,0.0,0.0,0.0,20.0,0.0,0.0,8.0,68.0,0.0,0.0,0.0,0.0
469,1991,0.0,20.0,0.0,100.0,80.0,0.0,0.0,8.0,0.0,0.0,0.0,0.0,12.0,0.0,0.0,4.0,0.0,0.0,4.0,92.0,0.0,0.0,0.0,0.0
469,1992,0.0,0.0,0.0,4.0,36.0,0.0,0.0,40.0,0.0,0.0,0.0,0.0,4.0,0.0,0.0,4.0,0.0,0.0,4.0,60.0,0.0,0.0,0.0,0.0
469,1993,0.0,4.0,0.0,28.0,40.0,0.0,0.0,28.0,0.0,0.0,0.0,0.0,12.0,0.0,0.0,28.0,0.0,0.0,0.0,16.0,0.0,0.0,0.0,0.0
469,1994,0.0,4.0,0.0,52.0,28.0,0.0,0.0,32.0,0.0,0.0,0.0,0.0,20.0,0.0,0.0,16.0,0.0,0.0,8.0,12.0,0.0,0.0,0.0,0.0
469,1995,4.0,4.0,0.0,336.0,80.0,4.0,0.0,92.0,0.0,0.0,0.0,0.0,8.0,0.0,0.0,40.0,8.0,0.0,16.0,56.0,0.0,0.0,0.0,0.0
469,1996,0.0,0.0,0.0,248.0,48.0,4.0,0.0,12.0,0.0,0.0,0.0,0.0,12.0,0.0,0.0,4.0,16.0,0.0,4.0,28.0,0.0,0.0,0.0,0.0
480,1988,117.0,0.0,0.0,0.0,60.0,3.0,0.0,3.0,0.0,0.0,9.0,0.0,63.0,0.0,0.0,0.0,0.0,0.0,87.0,24.0,0.0,0.0,0.0,0.0
480,1989,57.0,0.0,0.0,0.0,78.0,3.0,0.0,0.0,0.0,0.0,0.0,0.0,204.0,0.0,0.0,0.0,3.0,0.0,36.0,48.0,0.0,0.0,0.0,0.0
480,1990,15.0,0.0,0.0,0.0,216.0,3.0,0.0,0.0,0.0,0.0,0.0,0.0,213.0,0.0,0.0,3.0,3.0,0.0,186.0,102.0,0.0,3.0,0.0,0.0
480,1992,9.0,3.0,0.0,3.0,60.0,6.0,0.0,0.0,0.0,0.0,0.0,0.0,189.0,0.0,0.0,3.0,3.0,0.0,153.0,360.0,0.0,0.0,0.0,0.0
480,1993,3.0,0.0,0.0,0.0,57.0,9.0,0.0,3.0,0.0,0.0,0.0,0.0,75.0,0.0,0.0,0.0,0.0,0.0,87.0,99.0,0.0,3.0,0.0,0.0
480,1994,15.0,0.0,0.0,0.0,21.0,0.0,0.0,0.0,0.0,0.0,0.0,0.0,249.0,0.0,0.0,0.0,0.0,0.0,147.0,18.0,0.0,0.0,0.0,0.0
480,1995,21.0,0.0,0.0,0.0,159.0,6.0,0.0,0.0,0.0,0.0,0.0,0.0,96.0,0.0,0.0,0.0,0.0,0.0,48.0,54.0,0.0,3.0,0.0,0.0
480,1996,27.0,0.0,0.0,6.0,225.0,3.0,0.0,0.0,0.0,0.0,0.0,0.0,96.0,0.0,0.0,0.0,0.0,0.0,210.0,27.0,0.0,0.0,0.0,0.0
480,1997,0.0,0.0,0.0,0.0,90.0,3.0,0.0,0.0,0.0,0.0,3.0,0.0,144.0,0.0,0.0,0.0,0.0,0.0,162.0,36.0,0.0,0.0,0.0,0.0
480,1998,12.0,0.0,0.0,0.0,132.0,0.0,0.0,0.0,0.0,0.0,0.0,0.0,72.0,0.0,0.0,0.0,3.0,0.0,96.0,48.0,3.0,0.0,0.0,0.0
480,1999,0.0,0.0,0.0,0.0,36.0,3.0,0.0,0.0,0.0,0.0,0.0,0.0,48.0,0.0,0.0,0.0,0.0,0.0,69.0,30.0,0.0,0.0,0.0,0.0
480,2000,9.0,0.0,0.0,0.0,156.0,15.0,0.0,0.0,0.0,0.0,0.0,0.0,81.0,0.0,0.0,0.0,0.0,0.0,201.0,159.0,0.0,3.0,0.0,0.0
480,2001,6.0,0.0,0.0,0.0,54.0,9.0,0.0,0.0,0.0,0.0,3.0,0.0,57.0,0.0,0.0,0.0,3.0,0.0,81.0,60.0,0.0,0.0,0.0,0.0
492,1989,8.0,0.0,0.0,0.0,7.0,0.0,0.0,0.0,0.0,0.0,0.0,0.0,57.0,0.0,0.0,0.0,0.0,0.0,2.0,1.0,0.0,0.0,0.0,0.0
492,1990,8.0,0.0,0.0,0.0,24.0,1.0,0.0,0.0,0.0,0.0,0.0,0.0,55.0,0.0,1.0,0.0,0.0,0.0,3.0,3.0,0.0,0.0,0.0,0.0
492,1991,9.0,0.0,0.0,0.0,28.0,0.0,0.0,0.0,0.0,0.0,0.0,0.0,98.0,0.0,0.0,0.0,0.0,0.0,4.0,5.0,0.0,0.0,0.0,0.0
492,1992,8.0,0.0,0.0,0.0,40.0,0.0,0.0,0.0,0.0,0.0,0.0,0.0,23.0,0.0,0.0,0.0,0.0,0.0,4.0,38.0,0.0,0.0,0.0,0.0
492,1993,6.0,0.0,0.0,0.0,45.0,3.0,0.0,0.0,0.0,0.0,0.0,0.0,36.0,0.0,0.0,0.0,0.0,0.0,0.0,11.0,0.0,0.0,0.0,0.0
492,1994,2.0,0.0,0.0,0.0,7.0,0.0,0.0,0.0,0.0,0.0,0.0,0.0,55.0,0.0,0.0,0.0,0.0,0.0,0.0,2.0,0.0,0.0,0.0,0.0
492,1995,6.0,0.0,0.0,0.0,8.0,0.0,0.0,0.0,0.0,0.0,0.0,0.0,29.0,0.0,4.0,0.0,0.0,0.0,1.0,8.0,0.0,0.0,0.0,0.0
492,1996,1.0,0.0,0.0,0.0,68.0,0.0,0.0,0.0,0.0,0.0,0.0,0.0,39.0,0.0,7.0,0.0,0.0,0.0,1.0,15.0,0.0,0.0,0.0,0.0
493,1990,0.0,245.0,0.0,5635.0,385.0,0.0,0.0,560.0,0.0,245.0,0.0,0.0,105.0,0.0,0.0,140.0,35.0,0.0,140.0,3395.0,0.0,175.0,35.0,0.0
493,1991,0.0,0.0,0.0,805.0,595.0,0.0,0.0,0.0,0.0,35.0,0.0,0.0,0.0,0.0,0.0,0.0,0.0,0.0,105.0,700.0,0.0,0.0,0.0,0.0
493,1992,0.0,70.0,0.0,595.0,350.0,0.0,0.0,70.0,0.0,105.0,0.0,0.0,105.0,0.0,0.0,0.0,0.0,0.0,35.0,315.0,0.0,70.0,35.0,0.0
493,1995,0.0,875.0,0.0,23695.0,210.0,0.0,35.0,350.0,0.0,0.0,35.0,0.0,315.0,0.0,0.0,0.0,0.0,0.0,140.0,1750.0,0.0,595.0,105.0,0.0
493,1996,0.0,735.0,0.0,11515.0,315.0,0.0,35.0,1645.0,0.0,35.0,140.0,0.0,280.0,0.0,0.0,0.0,0.0,0.0,70.0,3080.0,0.0,70.0,35.0,0.0
493,1997,0.0,2030.0,0.0,8400.0,700.0,0.0,0.0,1680.0,0.0,140.0,140.0,0.0,245.0,0.0,0.0,35.0,0.0,0.0,0.0,1435.0,0.0,105.0,105.0,0.0
493,1998,0.0,0.0,0.0,2275.0,245.0,0.0,0.0,1190.0,0.0,70.0,70.0,0.0,0.0,0.0,0.0,0.0,0.0,0.0,35.0,1680.0,0.0,70.0,35.0,0.0
520,1991,0.0,30.0,0.0,2470.0,650.0,10.0,20.0,640.0,0.0,0.0,40.0,0.0,90.0,0.0,0.0,430.0,0.0,0.0,310.0,2240.0,0.0,0.0,50.0,0.0
520,1992,0.0,10.0,0.0,760.0,480.0,20.0,10.0,510.0,0.0,0.0,20.0,0.0,100.0,0.0,0.0,560.0,0.0,0.0,380.0,1770.0,0.0,0.0,20.0,0.0
520,1993,0.0,50.0,0.0,660.0,1250.0,30.0,0.0,260.0,0.0,0.0,0.0,0.0,160.0,0.0,0.0,200.0,0.0,0.0,190.0,1700.0,0.0,0.0,100.0,0.0
520,1994,0.0,50.0,0.0,260.0,330.0,0.0,60.0,270.0,0.0,0.0,90.0,0.0,460.0,0.0,0.0,70.0,0.0,0.0,30.0,1680.0,0.0,0.0,50.0,0.0
520,1995,0.0,130.0,0.0,10250.0,450.0,10.0,110.0,420.0,0.0,0.0,40.0,0.0,400.0,0.0,0.0,90.0,0.0,0.0,130.0,4600.0,0.0,0.0,50.0,0.0
520,1996,0.0,80.0,0.0,1010.0,1440.0,0.0,240.0,330.0,0.0,0.0,0.0,0.0,60.0,0.0,0.0,70.0,0.0,0.0,140.0,2830.0,0.0,0.0,80.0,0.0
528,1990,17.0,17.0,0.0,0.0,629.0,0.0,0.0,1054.0,0.0,0.0,0.0,0.0,34.0,0.0,0.0,0.0,0.0,51.0,68.0,187.0,0.0,85.0,34.0,0.0
528,1991,17.0,51.0,0.0,0.0,1513.0,0.0,0.0,493.0,0.0,0.0,153.0,0.0,51.0,0.0,0.0,0.0,0.0,17.0,0.0,68.0,0.0,0.0,0.0,0.0
528,1992,17.0,68.0,0.0,0.0,442.0,17.0,0.0,714.0,0.0,0.0,17.0,0.0,0.0,0.0,0.0,0.0,17.0,0.0,34.0,17.0,0.0,136.0,0.0,0.0
528,1993,0.0,17.0,0.0,0.0,476.0,0.0,0.0,289.0,0.0,0.0,17.0,0.0,0.0,0.0,0.0,0.0,0.0,0.0,0.0,17.0,0.0,51.0,0.0,0.0
528,1994,0.0,0.0,0.0,0.0,153.0,0.0,0.0,459.0,0.0,0.0,0.0,0.0,0.0,0.0,0.0,34.0,34.0,0.0,17.0,85.0,0.0,119.0,0.0,0.0
528,1995,0.0,0.0,0.0,0.0,323.0,17.0,0.0,680.0,0.0,0.0,0.0,0.0,34.0,0.0,0.0,0.0,0.0,17.0,34.0,17.0,0.0,102.0,0.0,0.0
528,1996,0.0,17.0,0.0,0.0,748.0,0.0,0.0,1343.0,0.0,0.0,17.0,0.0,17.0,0.0,17.0,0.0,0.0,0.0,17.0,0.0,0.0,51.0,0.0,0.0
528,1997,0.0,17.0,0.0,0.0,289.0,0.0,0.0,1360.0,0.0,0.0,0.0,0.0,0.0,0.0,0.0,0.0,0.0,0.0,34.0,51.0,0.0,34.0,0.0,0.0
528,1998,17.0,17.0,0.0,0.0,68.0,0.0,0.0,340.0,0.0,0.0,0.0,0.0,0.0,0.0,17.0,0.0,0.0,0.0,0.0,0.0,0.0,0.0,0.0,0.0
528,1999,0.0,51.0,0.0,0.0,34.0,0.0,0.0,578.0,0.0,0.0,0.0,0.0,0.0,0.0,34.0,0.0,0.0,0.0,0.0,0.0,0.0,255.0,0.0,0.0
528,2000,0.0,0.0,0.0,0.0,68.0,0.0,0.0,425.0,0.0,0.0,0.0,0.0,0.0,0.0,0.0,0.0,0.0,0.0,34.0,0.0,0.0,68.0,0.0,0.0
529,1991,0.0,0.0,0.0,0.0,204.0,0.0,0.0,180.0,0.0,0.0,0.0,0.0,0.0,0.0,24.0,0.0,0.0,0.0,0.0,18.0,0.0,0.0,0.0,0.0
529,1992,12.0,0.0,0.0,54.0,390.0,0.0,0.0,306.0,0.0,0.0,36.0,0.0,126.0,0.0,48.0,24.0,0.0,0.0,60.0,96.0,0.0,0.0,6.0,0.0
529,1993,0.0,0.0,12.0,90.0,216.0,0.0,0.0,66.0,0.0,0.0,12.0,0.0,18.0,0.0,36.0,0.0,0.0,0.0,24.0,60.0,0.0,0.0,24.0,0.0
529,1994,18.0,0.0,0.0,492.0,144.0,0.0,0.0,348.0,0.0,0.0,42.0,0.0,198.0,0.0,18.0,36.0,0.0,0.0,36.0,150.0,0.0,0.0,0.0,0.0
529,1995,12.0,0.0,0.0,402.0,468.0,0.0,0.0,282.0,0.0,0.0,60.0,0.0,186.0,0.0,48.0,36.0,0.0,0.0,36.0,114.0,0.0,0.0,0.0,0.0
529,1996,18.0,0.0,0.0,270.0,522.0,0.0,0.0,480.0,0.0,0.0,0.0,0.0,186.0,0.0,18.0,36.0,0.0,0.0,78.0,78.0,0.0,0.0,84.0,0.0
529,1997,6.0,0.0,12.0,204.0,726.0,0.0,0.0,234.0,0.0,0.0,30.0,0.0,42.0,0.0,12.0,6.0,0.0,0.0,6.0,114.0,0.0,0.0,0.0,0.0
529,1998,6.0,0.0,0.0,60.0,180.0,0.0,0.0,84.0,0.0,0.0,12.0,0.0,18.0,0.0,0.0,6.0,0.0,0.0,30.0,78.0,0.0,0.0,0.0,0.0
529,1999,12.0,0.0,0.0,12.0,60.0,0.0,0.0,24.0,0.0,0.0,12.0,0.0,36.0,0.0,18.0,12.0,0.0,0.0,6.0,30.0,0.0,0.0,0.0,0.0
529,2000,24.0,0.0,0.0,120.0,594.0,0.0,0.0,126.0,0.0,0.0,0.0,0.0,78.0,0.0,6.0,12.0,0.0,0.0,30.0,138.0,0.0,0.0,0.0,0.0
529,2001,12.0,0.0,0.0,78.0,96.0,0.0,0.0,126.0,0.0,0.0,12.0,0.0,66.0,0.0,12.0,18.0,0.0,0.0,18.0,36.0,0.0,0.0,6.0,0.0
529,2002,6.0,0.0,0.0,156.0,396.0,6.0,0.0,36.0,0.0,0.0,6.0,0.0,12.0,0.0,18.0,84.0,12.0,0.0,24.0,114.0,0.0,0.0,0.0,0.0
529,2003,0.0,0.0,12.0,186.0,90.0,0.0,0.0,108.0,0.0,0.0,30.0,0.0,90.0,0.0,0.0,48.0,6.0,0.0,18.0,30.0,0.0,0.0,0.0,0.0
529,2004,30.0,6.0,0.0,510.0,2994.0,6.0,0.0,120.0,0.0,0.0,6.0,0.0,66.0,0.0,0.0,18.0,18.0,6.0,66.0,108.0,0.0,0.0,0.0,0.0
529,2005,0.0,6.0,0.0,276.0,198.0,0.0,0.0,66.0,0.0,0.0,60.0,0.0,150.0,0.0,6.0,60.0,0.0,0.0,6.0,120.0,0.0,0.0,0.0,0.0
529,2006,0.0,0.0,0.0,18.0,66.0,0.0,0.0,108.0,0.0,0.0,0.0,0.0,18.0,0.0,0.0,0.0,0.0,0.0,12.0,12.0,0.0,12.0,0.0,0.0
529,2007,0.0,0.0,0.0,30.0,114.0,0.0,0.0,18.0,0.0,0.0,0.0,0.0,0.0,0.0,0.0,24.0,6.0,0.0,30.0,24.0,0.0,18.0,0.0,0.0
560,1995,0.0,42.0,0.0,1988.0,308.0,0.0,14.0,868.0,0.0,42.0,56.0,0.0,126.0,0.0,0.0,140.0,84.0,0.0,364.0,1260.0,0.0,0.0,126.0,0.0
560,1996,0.0,56.0,0.0,1750.0,1470.0,0.0,0.0,1582.0,0.0,28.0,154.0,0.0,70.0,0.0,0.0,56.0,140.0,0.0,714.0,1400.0,0.0,0.0,28.0,0.0
560,1997,0.0,14.0,0.0,294.0,392.0,0.0,0.0,882.0,0.0,14.0,28.0,0.0,56.0,0.0,0.0,14.0,42.0,0.0,924.0,490.0,0.0,0.0,56.0,0.0
560,1998,0.0,0.0,0.0,168.0,140.0,0.0,0.0,1260.0,0.0,0.0,42.0,0.0,42.0,0.0,0.0,0.0,0.0,0.0,140.0,294.0,0.0,0.0,84.0,0.0
560,1999,0.0,14.0,0.0,854.0,56.0,0.0,0.0,980.0,0.0,0.0,0.0,0.0,42.0,0.0,0.0,0.0,0.0,0.0,70.0,252.0,0.0,0.0,28.0,0.0
560,2000,0.0,84.0,0.0,406.0,406.0,0.0,0.0,1400.0,0.0,0.0,56.0,0.0,168.0,0.0,0.0,14.0,0.0,0.0,224.0,420.0,0.0,14.0,42.0,0.0
560,2001,0.0,56.0,0.0,154.0,56.0,0.0,0.0,770.0,0.0,0.0,84.0,0.0,126.0,0.0,0.0,0.0,0.0,0.0,196.0,476.0,0.0,28.0,14.0,0.0
560,2002,0.0,70.0,0.0,322.0,56.0,0.0,14.0,546.0,0.0,0.0,0.0,0.0,42.0,0.0,0.0,14.0,0.0,0.0,98.0,392.0,0.0,28.0,14.0,0.0
560,2003,0.0,42.0,0.0,4396.0,140.0,0.0,0.0,658.0,0.0,0.0,28.0,0.0,56.0,0.0,0.0,42.0,0.0,14.0,168.0,420.0,0.0,280.0,14.0,0.0
560,2004,0.0,56.0,0.0,350.0,70.0,0.0,0.0,1288.0,0.0,0.0,14.0,0.0,0.0,0.0,0.0,56.0,14.0,14.0,168.0,588.0,0.0,868.0,0.0,0.0
560,2005,0.0,56.0,0.0,532.0,28.0,0.0,0.0,1092.0,0.0,14.0,0.0,0.0,70.0,0.0,0.0,70.0,14.0,0.0,154.0,182.0,0.0,756.0,14.0,0.0
560,2006,0.0,0.0,0.0,406.0,140.0,14.0,0.0,1428.0,0.0,0.0,14.0,0.0,42.0,0.0,0.0,28.0,0.0,28.0,84.0,588.0,0.0,2786.0,0.0,0.0
560,2007,0.0,14.0,0.0,238.0,42.0,0.0,0.0,952.0,0.0,0.0,14.0,0.0,42.0,0.0,0.0,70.0,28.0,14.0,154.0,322.0,0.0,1820.0,14.0,0.0
560,2008,0.0,42.0,0.0,28.0,182.0,14.0,0.0,3332.0,0.0,0.0,14.0,0.0,84.0,0.0,0.0,42.0,14.0,98.0,546.0,756.0,0.0,4662.0,70.0,0.0
560,2009,0.0,56.0,0.0,112.0,392.0,14.0,0.0,2324.0,0.0,0.0,84.0,0.0,686.0,0.0,0.0,518.0,42.0,98.0,406.0,1260.0,0.0,3780.0,98.0,0.0
560,2010,0.0,98.0,0.0,84.0,546.0,0.0,0.0,4284.0,0.0,0.0,56.0,0.0,196.0,0.0,0.0,140.0,56.0,70.0,294.0,644.0,0.0,1246.0,28.0,0.0
560,2011,0.0,84.0,0.0,294.0,350.0,0.0,0.0,5824.0,0.0,56.0,70.0,0.0,70.0,0.0,0.0,112.0,182.0,0.0,224.0,266.0,0.0,574.0,28.0,0.0
560,2012,0.0,14.0,0.0,0.0,196.0,0.0,0.0,1470.0,0.0,28.0,42.0,0.0,70.0,0.0,0.0,14.0,28.0,0.0,336.0,84.0,0.0,336.0,140.0,0.0
560,2013,0.0,42.0,0.0,84.0,252.0,0.0,0.0,1960.0,0.0,14.0,154.0,0.0,154.0,0.0,0.0,84.0,28.0,56.0,210.0,406.0,0.0,476.0,112.0,0.0
560,2014,0.0,28.0,0.0,28.0,126.0,0.0,0.0,1750.0,0.0,0.0,98.0,0.0,14.0,0.0,0.0,98.0,14.0,0.0,154.0,224.0,0.0,700.0,14.0,0.0
560,2015,0.0,56.0,0.0,0.0,182.0,0.0,0.0,2982.0,0.0,0.0,28.0,0.0,14.0,0.0,0.0,14.0,28.0,0.0,252.0,574.0,0.0,644.0,28.0,0.0
560,2016,0.0,28.0,0.0,14.0,98.0,0.0,14.0,3262.0,0.0,14.0,14.0,0.0,112.0,0.0,0.0,0.0,28.0,28.0,224.0,588.0,0.0,952.0,42.0,0.0
560,2017,14.0,0.0,0.0,0.0,182.0,0.0,28.0,4032.0,0.0,0.0,154.0,0.0,182.0,0.0,0.0,0.0,28.0,42.0,350.0,350.0,0.0,2618.0,14.0,0.0
560,2018,0.0,84.0,0.0,56.0,378.0,0.0,0.0,4004.0,0.0,0.0,28.0,0.0,154.0,0.0,0.0,0.0,14.0,14.0,294.0,938.0,0.0,3388.0,140.0,0.0
576,1999,15.0,0.0,0.0,10.0,90.0,5.0,0.0,105.0,0.0,0.0,10.0,0.0,45.0,0.0,0.0,10.0,115.0,0.0,5.0,65.0,0.0,0.0,0.0,0.0
576,2000,25.0,0.0,0.0,5.0,315.0,5.0,0.0,145.0,0.0,0.0,0.0,0.0,45.0,0.0,0.0,25.0,255.0,0.0,30.0,115.0,0.0,10.0,0.0,0.0
576,2001,20.0,0.0,0.0,0.0,405.0,0.0,0.0,125.0,0.0,0.0,10.0,0.0,155.0,0.0,0.0,5.0,270.0,0.0,15.0,40.0,0.0,15.0,5.0,0.0
576,2002,0.0,0.0,0.0,5.0,140.0,0.0,0.0,55.0,0.0,0.0,0.0,0.0,5.0,0.0,0.0,0.0,80.0,0.0,0.0,80.0,0.0,0.0,0.0,0.0
576,2003,15.0,0.0,0.0,0.0,60.0,0.0,0.0,100.0,0.0,0.0,10.0,0.0,30.0,0.0,0.0,10.0,35.0,0.0,0.0,5.0,0.0,0.0,0.0,0.0
576,2004,20.0,0.0,0.0,0.0,460.0,10.0,0.0,190.0,0.0,0.0,0.0,0.0,30.0,0.0,0.0,20.0,85.0,0.0,20.0,65.0,0.0,10.0,0.0,0.0
576,2005,20.0,0.0,0.0,0.0,120.0,0.0,0.0,105.0,0.0,0.0,5.0,0.0,45.0,0.0,5.0,0.0,75.0,0.0,0.0,20.0,0.0,15.0,0.0,0.0
576,2006,0.0,0.0,0.0,5.0,250.0,10.0,0.0,200.0,0.0,0.0,5.0,0.0,60.0,0.0,0.0,15.0,160.0,0.0,40.0,90.0,0.0,55.0,5.0,0.0
576,2007,35.0,0.0,0.0,0.0,135.0,5.0,0.0,70.0,0.0,0.0,0.0,0.0,40.0,0.0,0.0,0.0,100.0,0.0,5.0,105.0,0.0,50.0,0.0,0.0
576,2008,0.0,0.0,0.0,0.0,95.0,0.0,0.0,115.0,0.0,0.0,0.0,0.0,10.0,0.0,0.0,5.0,120.0,0.0,15.0,45.0,0.0,70.0,0.0,0.0
576,2009,15.0,0.0,0.0,0.0,115.0,5.0,0.0,80.0,0.0,0.0,0.0,0.0,80.0,0.0,0.0,0.0,40.0,0.0,0.0,80.0,0.0,130.0,0.0,0.0
576,2010,30.0,0.0,0.0,0.0,355.0,35.0,0.0,35.0,0.0,0.0,0.0,0.0,155.0,0.0,0.0,5.0,25.0,10.0,20.0,50.0,0.0,335.0,0.0,0.0
576,2011,15.0,0.0,0.0,0.0,260.0,0.0,0.0,55.0,0.0,0.0,5.0,0.0,95.0,0.0,0.0,5.0,25.0,0.0,5.0,35.0,0.0,115.0,0.0,0.0
576,2012,5.0,0.0,0.0,0.0,130.0,5.0,0.0,5.0,0.0,0.0,30.0,0.0,100.0,0.0,0.0,5.0,5.0,5.0,25.0,50.0,0.0,140.0,0.0,0.0
576,2013,35.0,0.0,0.0,0.0,125.0,5.0,0.0,5.0,0.0,0.0,100.0,0.0,225.0,0.0,5.0,0.0,5.0,15.0,10.0,40.0,0.0,700.0,40.0,0.0
576,2014,5.0,0.0,0.0,0.0,240.0,20.0,0.0,5.0,0.0,0.0,75.0,0.0,70.0,0.0,0.0,0.0,25.0,45.0,5.0,55.0,0.0,280.0,0.0,0.0
576,2015,0.0,5.0,0.0,0.0,135.0,5.0,0.0,5.0,0.0,0.0,35.0,0.0,30.0,0.0,0.0,0.0,0.0,60.0,5.0,90.0,0.0,260.0,0.0,0.0
576,2016,10.0,0.0,0.0,0.0,130.0,5.0,0.0,5.0,0.0,0.0,50.0,0.0,0.0,0.0,0.0,0.0,0.0,45.0,0.0,25.0,0.0,125.0,5.0,0.0
576,2017,10.0,0.0,0.0,0.0,240.0,10.0,0.0,25.0,0.0,5.0,50.0,0.0,20.0,0.0,0.0,0.0,10.0,20.0,5.0,40.0,0.0,285.0,0.0,0.0
576,2018,10.0,0.0,0.0,0.0,280.0,10.0,0.0,15.0,0.0,0.0,40.0,0.0,145.0,0.0,5.0,0.0,5.0,20.0,10.0,30.0,0.0,485.0,5.0,0.0
595,2003,185.0,0.0,0.0,37.0,666.0,0.0,0.0,1369.0,0.0,0.0,37.0,0.0,111.0,0.0,37.0,0.0,0.0,74.0,0.0,370.0,0.0,50320.0,333.0,0.0
595,2004,37.0,0.0,0.0,185.0,666.0,0.0,37.0,999.0,0.0,0.0,37.0,0.0,296.0,0.0,0.0,0.0,74.0,37.0,74.0,814.0,0.0,26677.0,481.0,0.0
595,2005,37.0,0.0,0.0,37.0,592.0,0.0,0.0,592.0,0.0,0.0,0.0,0.0,74.0,0.0,37.0,0.0,0.0,0.0,37.0,407.0,0.0,11544.0,222.0,0.0
595,2006,74.0,0.0,0.0,37.0,592.0,0.0,0.0,370.0,0.0,0.0,37.0,0.0,259.0,0.0,0.0,0.0,37.0,74.0,0.0,222.0,0.0,25715.0,444.0,0.0
595,2007,74.0,37.0,0.0,74.0,185.0,0.0,0.0,185.0,0.0,0.0,0.0,0.0,37.0,0.0,0.0,0.0,111.0,74.0,0.0,148.0,0.0,7289.0,259.0,0.0
595,2008,37.0,37.0,0.0,0.0,296.0,0.0,0.0,111.0,0.0,0.0,0.0,0.0,0.0,0.0,0.0,0.0,0.0,37.0,0.0,259.0,0.0,12654.0,0.0,0.0
595,2009,37.0,0.0,0.0,0.0,407.0,0.0,0.0,185.0,0.0,0.0,0.0,0.0,259.0,0.0,0.0,0.0,0.0,37.0,0.0,888.0,0.0,20165.0,148.0,0.0
595,2010,37.0,0.0,0.0,37.0,444.0,0.0,37.0,222.0,0.0,0.0,0.0,0.0,74.0,0.0,0.0,37.0,0.0,0.0,0.0,518.0,0.0,8621.0,74.0,0.0
595,2011,0.0,0.0,0.0,0.0,259.0,0.0,0.0,518.0,0.0,0.0,37.0,0.0,444.0,0.0,0.0,0.0,37.0,0.0,0.0,444.0,0.0,3071.0,481.0,0.0
595,2012,0.0,0.0,0.0,0.0,37.0,0.0,0.0,0.0,0.0,0.0,0.0,0.0,74.0,0.0,0.0,0.0,0.0,0.0,0.0,0.0,0.0,370.0,74.0,0.0
596,2003,0.0,0.0,0.0,0.0,45.0,18.0,0.0,0.0,0.0,0.0,0.0,0.0,144.0,0.0,0.0,0.0,0.0,0.0,162.0,27.0,0.0,0.0,0.0,0.0
596,2004,0.0,0.0,0.0,0.0,504.0,9.0,9.0,1143.0,0.0,0.0,9.0,0.0,90.0,0.0,9.0,0.0,18.0,0.0,477.0,360.0,0.0,0.0,0.0,0.0
596,2005,0.0,0.0,0.0,0.0,144.0,9.0,0.0,999.0,0.0,0.0,0.0,0.0,162.0,0.0,0.0,0.0,18.0,0.0,243.0,135.0,0.0,135.0,0.0,0.0
596,2006,0.0,0.0,0.0,36.0,261.0,9.0,0.0,1116.0,0.0,0.0,0.0,0.0,135.0,0.0,0.0,0.0,36.0,0.0,261.0,81.0,0.0,207.0,0.0,0.0
596,2007,0.0,0.0,0.0,0.0,162.0,27.0,0.0,360.0,0.0,0.0,27.0,0.0,216.0,0.0,9.0,0.0,0.0,0.0,90.0,72.0,0.0,234.0,0.0,0.0
596,2008,0.0,0.0,0.0,0.0,234.0,9.0,0.0,198.0,0.0,0.0,9.0,0.0,18.0,0.0,0.0,0.0,9.0,9.0,171.0,99.0,0.0,324.0,0.0,0.0
599,2003,0.0,0.0,0.0,0.0,0.0,0.0,0.0,0.0,0.0,0.0,0.0,0.0,0.0,0.0,0.0,0.0,0.0,0.0,0.0,0.0,0.0,697.0,0.0,0.0
599,2004,41.0,0.0,0.0,0.0,1640.0,0.0,0.0,369.0,0.0,0.0,0.0,0.0,410.0,0.0,0.0,0.0,0.0,123.0,0.0,492.0,0.0,5945.0,0.0,0.0
599,2005,82.0,0.0,0.0,41.0,287.0,0.0,0.0,164.0,0.0,0.0,82.0,0.0,697.0,0.0,0.0,0.0,0.0,451.0,0.0,0.0,0.0,3526.0,82.0,0.0
599,2006,41.0,0.0,0.0,0.0,492.0,0.0,0.0,369.0,0.0,0.0,0.0,0.0,410.0,0.0,0.0,0.0,0.0,328.0,0.0,205.0,0.0,8364.0,0.0,0.0
599,2007,0.0,0.0,0.0,0.0,410.0,0.0,0.0,0.0,0.0,0.0,41.0,0.0,205.0,0.0,0.0,0.0,0.0,287.0,41.0,123.0,0.0,6109.0,0.0,0.0
599,2008,0.0,0.0,0.0,0.0,410.0,0.0,0.0,41.0,0.0,0.0,0.0,0.0,0.0,0.0,0.0,0.0,0.0,205.0,0.0,246.0,0.0,16113.0,0.0,0.0
599,2009,0.0,0.0,0.0,0.0,82.0,0.0,0.0,82.0,0.0,0.0,0.0,0.0,656.0,0.0,0.0,0.0,0.0,41.0,0.0,0.0,0.0,14473.0,0.0,0.0
599,2010,41.0,0.0,0.0,0.0,287.0,0.0,0.0,41.0,0.0,0.0,41.0,0.0,902.0,0.0,0.0,0.0,0.0,246.0,0.0,41.0,0.0,4674.0,123.0,0.0
599,2011,0.0,0.0,0.0,0.0,1312.0,0.0,0.0,0.0,0.0,0.0,0.0,0.0,1394.0,0.0,0.0,0.0,0.0,533.0,0.0,0.0,0.0,2870.0,82.0,0.0
599,2012,0.0,0.0,0.0,0.0,1025.0,0.0,0.0,0.0,0.0,0.0,82.0,0.0,246.0,0.0,0.0,0.0,0.0,943.0,0.0,0.0,0.0,1845.0,41.0,0.0
626,2005,0.0,342.0,0.0,1216.0,228.0,0.0,266.0,16568.0,0.0,0.0,38.0,0.0,1900.0,0.0,76.0,152.0,38.0,0.0,76.0,456.0,0.0,646.0,38.0,0.0
626,2006,0.0,874.0,0.0,4066.0,570.0,0.0,418.0,31160.0,0.0,0.0,38.0,0.0,988.0,0.0,38.0,228.0,0.0,0.0,38.0,342.0,0.0,1900.0,38.0,0.0
626,2007,0.0,912.0,0.0,1406.0,152.0,0.0,152.0,10830.0,0.0,0.0,0.0,0.0,1064.0,0.0,76.0,76.0,76.0,0.0,38.0,228.0,0.0,1634.0,114.0,0.0
626,2008,0.0,1824.0,0.0,1064.0,152.0,0.0,304.0,12008.0,0.0,0.0,38.0,38.0,494.0,0.0,0.0,76.0,38.0,0.0,38.0,798.0,0.0,2166.0,76.0,0.0
626,2009,0.0,646.0,0.0,2204.0,152.0,0.0,228.0,4142.0,0.0,0.0,0.0,0.0,722.0,0.0,38.0,570.0,38.0,0.0,0.0,1368.0,0.0,5586.0,190.0,0.0
626,2010,38.0,1558.0,0.0,1748.0,836.0,0.0,646.0,16074.0,0.0,0.0,0.0,0.0,646.0,0.0,38.0,646.0,0.0,0.0,76.0,1596.0,0.0,1102.0,114.0,0.0
626,2011,0.0,950.0,0.0,1672.0,190.0,0.0,1178.0,21698.0,0.0,0.0,76.0,0.0,1064.0,0.0,76.0,0.0,114.0,0.0,76.0,1824.0,0.0,342.0,190.0,0.0
626,2012,0.0,1026.0,0.0,494.0,190.0,0.0,988.0,12122.0,0.0,0.0,114.0,0.0,114.0,0.0,114.0,0.0,0.0,0.0,76.0,1596.0,0.0,760.0,152.0,0.0
626,2013,38.0,1026.0,0.0,0.0,152.0,0.0,1292.0,15960.0,0.0,0.0,228.0,0.0,1026.0,0.0,38.0,38.0,38.0,0.0,0.0,988.0,0.0,2166.0,38.0,0.0
626,2014,304.0,418.0,0.0,1102.0,760.0,0.0,3154.0,15162.0,0.0,0.0,114.0,0.0,912.0,0.0,0.0,152.0,0.0,0.0,38.0,3192.0,0.0,1482.0,380.0,0.0
626,2015,38.0,456.0,0.0,912.0,190.0,0.0,3724.0,14136.0,0.0,0.0,38.0,0.0,418.0,0.0,190.0,0.0,0.0,0.0,0.0,2318.0,0.0,684.0,38.0,0.0
626,2016,0.0,380.0,0.0,190.0,38.0,0.0,684.0,9880.0,0.0,0.0,76.0,0.0,608.0,0.0,114.0,38.0,0.0,0.0,0.0,1558.0,0.0,950.0,76.0,0.0
626,2017,380.0,380.0,0.0,1178.0,152.0,38.0,380.0,8208.0,0.0,0.0,190.0,0.0,304.0,0.0,0.0,0.0,0.0,0.0,38.0,4940.0,0.0,3572.0,38.0,0.0
626,2018,760.0,304.0,0.0,1748.0,38.0,0.0,570.0,12426.0,0.0,0.0,76.0,0.0,342.0,0.0,0.0,114.0,0.0,0.0,76.0,5434.0,0.0,4484.0,152.0,0.0
629,2006,189.0,918.0,0.0,10746.0,1728.0,27.0,108.0,3996.0,0.0,162.0,216.0,27.0,1836.0,0.0,0.0,189.0,378.0,27.0,783.0,1485.0,0.0,9315.0,189.0,0.0
629,2007,0.0,621.0,0.0,5967.0,405.0,0.0,81.0,864.0,0.0,27.0,27.0,0.0,1701.0,0.0,0.0,27.0,54.0,0.0,729.0,2133.0,0.0,8721.0,135.0,0.0
629,2008,27.0,162.0,0.0,5103.0,486.0,0.0,81.0,1377.0,0.0,54.0,27.0,0.0,891.0,0.0,0.0,54.0,54.0,0.0,648.0,1404.0,0.0,10044.0,108.0,0.0
629,2009,135.0,108.0,0.0,7776.0,405.0,0.0,81.0,2187.0,0.0,189.0,27.0,0.0,1323.0,0.0,0.0,243.0,27.0,0.0,405.0,3402.0,0.0,29484.0,162.0,0.0
629,2010,0.0,837.0,0.0,7641.0,2133.0,54.0,189.0,6264.0,0.0,135.0,162.0,0.0,1485.0,0.0,0.0,378.0,27.0,0.0,702.0,2916.0,0.0,11691.0,108.0,0.0
629,2011,27.0,405.0,0.0,2052.0,1215.0,0.0,243.0,1350.0,0.0,108.0,54.0,0.0,2484.0,0.0,0.0,108.0,81.0,0.0,837.0,1728.0,0.0,1485.0,270.0,0.0
629,2012,0.0,135.0,0.0,405.0,675.0,0.0,54.0,2565.0,0.0,81.0,27.0,0.0,297.0,0.0,0.0,135.0,27.0,0.0,1134.0,459.0,0.0,2160.0,27.0,0.0
629,2013,81.0,81.0,0.0,2592.0,378.0,0.0,162.0,3429.0,0.0,81.0,0.0,0.0,594.0,0.0,0.0,81.0,0.0,0.0,405.0,810.0,0.0,8829.0,0.0,0.0
629,2014,27.0,108.0,0.0,4401.0,1377.0,0.0,162.0,2538.0,0.0,0.0,108.0,0.0,486.0,0.0,0.0,108.0,162.0,0.0,459.0,1809.0,0.0,6669.0,0.0,0.0
629,2015,54.0,27.0,0.0,6534.0,756.0,0.0,135.0,3294.0,0.0,27.0,216.0,0.0,675.0,0.0,0.0,54.0,54.0,0.0,567.0,3240.0,0.0,4239.0,0.0,0.0
629,2016,0.0,27.0,0.0,2025.0,189.0,0.0,54.0,1917.0,0.0,0.0,189.0,0.0,405.0,0.0,0.0,27.0,54.0,0.0,486.0,918.0,0.0,6129.0,0.0,0.0
629,2017,135.0,135.0,0.0,12609.0,945.0,0.0,27.0,3834.0,0.0,0.0,243.0,0.0,1026.0,0.0,0.0,54.0,108.0,0.0,540.0,3537.0,0.0,16767.0,0.0,0.0
629,2018,297.0,81.0,0.0,5319.0,1161.0,0.0,81.0,4050.0,0.0,0.0,216.0,0.0,513.0,0.0,0.0,0.0,81.0,0.0,108.0,2511.0,0.0,11664.0,0.0,0.0
630,2006,0.0,203.0,0.0,5974.0,464.0,0.0,0.0,3654.0,0.0,87.0,29.0,0.0,551.0,0.0,0.0,58.0,0.0,0.0,116.0,377.0,0.0,7656.0,87.0,0.0
630,2007,29.0,58.0,0.0,1421.0,174.0,0.0,0.0,841.0,0.0,116.0,87.0,0.0,377.0,0.0,0.0,29.0,0.0,0.0,58.0,0.0,0.0,2059.0,29.0,0.0
630,2008,87.0,174.0,0.0,435.0,406.0,0.0,0.0,812.0,0.0,145.0,58.0,0.0,203.0,0.0,0.0,29.0,0.0,0.0,29.0,145.0,0.0,4118.0,0.0,0.0
630,2009,0.0,58.0,0.0,1595.0,174.0,0.0,0.0,986.0,0.0,145.0,145.0,0.0,435.0,0.0,0.0,203.0,0.0,0.0,0.0,406.0,0.0,4727.0,145.0,0.0
630,2010,0.0,58.0,0.0,1189.0,754.0,0.0,0.0,1508.0,0.0,348.0,58.0,0.0,899.0,0.0,0.0,145.0,0.0,0.0,87.0,232.0,0.0,2987.0,116.0,0.0
630,2011,0.0,145.0,0.0,58.0,580.0,0.0,0.0,1595.0,0.0,609.0,58.0,0.0,261.0,0.0,0.0,0.0,0.0,0.0,232.0,29.0,0.0,377.0,87.0,0.0
630,2012,58.0,58.0,0.0,145.0,522.0,0.0,0.0,3161.0,0.0,58.0,29.0,0.0,58.0,0.0,0.0,29.0,0.0,0.0,116.0,29.0,0.0,203.0,0.0,0.0
630,2013,0.0,58.0,0.0,145.0,290.0,0.0,0.0,3074.0,0.0,116.0,58.0,0.0,203.0,0.0,0.0,58.0,0.0,0.0,116.0,0.0,0.0,609.0,116.0,0.0
630,2014,0.0,0.0,0.0,145.0,1247.0,0.0,29.0,1566.0,0.0,29.0,203.0,0.0,174.0,0.0,0.0,116.0,0.0,0.0,145.0,464.0,0.0,1073.0,29.0,0.0
631,2006,0.0,28.0,0.0,1680.0,252.0,0.0,0.0,2772.0,0.0,0.0,308.0,0.0,112.0,0.0,0.0,56.0,0.0,0.0,392.0,812.0,0.0,9632.0,112.0,0.0
631,2007,28.0,0.0,0.0,588.0,0.0,0.0,0.0,0.0,0.0,0.0,112.0,0.0,28.0,0.0,0.0,28.0,0.0,0.0,0.0,112.0,0.0,1260.0,28.0,0.0
631,2008,0.0,0.0,0.0,224.0,84.0,0.0,0.0,280.0,0.0,0.0,0.0,0.0,0.0,0.0,0.0,28.0,0.0,0.0,28.0,224.0,0.0,11452.0,0.0,0.0
631,2009,0.0,0.0,0.0,112.0,112.0,0.0,0.0,0.0,0.0,0.0,0.0,28.0,28.0,0.0,0.0,56.0,0.0,0.0,28.0,476.0,0.0,2492.0,0.0,0.0
631,2010,0.0,0.0,0.0,812.0,112.0,0.0,0.0,728.0,0.0,28.0,112.0,0.0,140.0,0.0,0.0,308.0,0.0,28.0,112.0,1232.0,0.0,8148.0,28.0,0.0
631,2011,0.0,0.0,0.0,1260.0,280.0,0.0,0.0,728.0,0.0,448.0,504.0,0.0,224.0,0.0,0.0,644.0,28.0,0.0,896.0,2856.0,0.0,5348.0,448.0,0.0
631,2012,0.0,0.0,0.0,28.0,112.0,0.0,0.0,280.0,0.0,0.0,28.0,0.0,0.0,0.0,0.0,112.0,0.0,0.0,476.0,504.0,0.0,1456.0,56.0,0.0
631,2013,0.0,0.0,0.0,308.0,28.0,28.0,28.0,336.0,0.0,0.0,56.0,0.0,84.0,0.0,0.0,28.0,0.0,0.0,280.0,560.0,0.0,5376.0,0.0,0.0
631,2014,56.0,0.0,0.0,196.0,28.0,0.0,28.0,364.0,0.0,0.0,28.0,0.0,0.0,0.0,0.0,0.0,0.0,0.0,280.0,588.0,0.0,4312.0,0.0,0.0
631,2015,28.0,0.0,0.0,1120.0,280.0,0.0,56.0,84.0,0.0,0.0,28.0,0.0,56.0,0.0,0.0,0.0,0.0,28.0,980.0,4452.0,0.0,4480.0,0.0,0.0
631,2016,0.0,0.0,0.0,616.0,28.0,0.0,0.0,280.0,0.0,0.0,0.0,0.0,28.0,0.0,0.0,0.0,0.0,28.0,420.0,1260.0,0.0,5292.0,0.0,0.0
631,2017,28.0,0.0,0.0,1456.0,140.0,0.0,0.0,140.0,0.0,0.0,28.0,0.0,0.0,0.0,0.0,0.0,0.0,0.0,560.0,1288.0,0.0,12124.0,0.0,0.0
631,2018,28.0,0.0,0.0,1456.0,0.0,0.0,28.0,112.0,0.0,0.0,28.0,0.0,0.0,0.0,0.0,0.0,0.0,0.0,336.0,924.0,0.0,9016.0,0.0,0.0
638,2007,0.0,84.0,0.0,126.0,588.0,0.0,0.0,1848.0,0.0,0.0,336.0,0.0,420.0,0.0,0.0,0.0,0.0,42.0,0.0,84.0,0.0,11886.0,0.0,0.0
638,2008,0.0,378.0,0.0,0.0,504.0,0.0,0.0,1092.0,0.0,0.0,42.0,0.0,378.0,0.0,84.0,0.0,0.0,84.0,0.0,42.0,0.0,15036.0,0.0,0.0
638,2009,42.0,252.0,0.0,0.0,336.0,0.0,0.0,588.0,0.0,0.0,84.0,0.0,1218.0,0.0,0.0,0.0,0.0,42.0,42.0,0.0,42.0,15414.0,0.0,0.0
638,2010,0.0,126.0,0.0,0.0,336.0,0.0,0.0,882.0,0.0,0.0,168.0,0.0,588.0,0.0,0.0,0.0,0.0,84.0,0.0,0.0,0.0,11382.0,42.0,0.0
638,2011,0.0,0.0,0.0,0.0,294.0,0.0,0.0,672.0,0.0,0.0,168.0,0.0,1512.0,0.0,0.0,0.0,42.0,378.0,0.0,168.0,0.0,5964.0,0.0,0.0
638,2012,0.0,42.0,0.0,0.0,126.0,0.0,0.0,294.0,0.0,0.0,126.0,0.0,168.0,0.0,0.0,0.0,0.0,210.0,84.0,0.0,0.0,3654.0,0.0,0.0
638,2013,0.0,42.0,0.0,0.0,126.0,42.0,0.0,588.0,0.0,0.0,42.0,0.0,462.0,0.0,42.0,0.0,0.0,42.0,0.0,84.0,0.0,6300.0,0.0,0.0
638,2014,0.0,0.0,0.0,0.0,630.0,0.0,0.0,336.0,0.0,0.0,42.0,0.0,294.0,0.0,0.0,0.0,0.0,168.0,0.0,0.0,0.0,8190.0,0.0,0.0
638,2015,42.0,0.0,0.0,0.0,546.0,0.0,0.0,336.0,0.0,0.0,336.0,0.0,168.0,0.0,0.0,0.0,0.0,0.0,0.0,0.0,0.0,7140.0,0.0,0.0
638,2016,42.0,0.0,0.0,0.0,210.0,0.0,0.0,756.0,0.0,0.0,42.0,0.0,294.0,0.0,0.0,0.0,0.0,126.0,42.0,0.0,0.0,5544.0,42.0,0.0
638,2017,0.0,0.0,0.0,0.0,420.0,0.0,0.0,168.0,0.0,0.0,84.0,0.0,378.0,0.0,0.0,0.0,0.0,42.0,0.0,84.0,0.0,8106.0,0.0,0.0
638,2018,0.0,0.0,0.0,0.0,252.0,0.0,0.0,462.0,0.0,0.0,126.0,0.0,504.0,0.0,0.0,0.0,42.0,462.0,84.0,84.0,0.0,15372.0,0.0,0.0
653,2009,0.0,0.0,0.0,0.0,15.0,0.0,0.0,105.0,0.0,0.0,0.0,0.0,0.0,0.0,0.0,0.0,0.0,0.0,0.0,0.0,0.0,15.0,0.0,0.0
653,2010,0.0,0.0,0.0,0.0,375.0,0.0,0.0,105.0,0.0,0.0,0.0,0.0,0.0,0.0,0.0,0.0,0.0,75.0,0.0,0.0,0.0,90.0,0.0,0.0
653,2011,0.0,0.0,0.0,0.0,105.0,0.0,0.0,300.0,0.0,0.0,0.0,0.0,0.0,0.0,0.0,0.0,0.0,30.0,0.0,30.0,0.0,45.0,45.0,0.0
653,2012,0.0,15.0,0.0,0.0,60.0,0.0,0.0,225.0,0.0,0.0,0.0,0.0,0.0,0.0,0.0,0.0,0.0,15.0,0.0,15.0,0.0,90.0,15.0,0.0
653,2013,30.0,15.0,0.0,0.0,0.0,0.0,0.0,165.0,0.0,0.0,0.0,0.0,30.0,0.0,0.0,0.0,0.0,45.0,0.0,120.0,0.0,135.0,0.0,0.0
653,2014,0.0,0.0,0.0,0.0,210.0,0.0,0.0,135.0,0.0,0.0,0.0,0.0,0.0,0.0,0.0,0.0,0.0,0.0,0.0,15.0,0.0,30.0,45.0,0.0
653,2015,0.0,0.0,0.0,0.0,105.0,0.0,0.0,195.0,0.0,0.0,0.0,0.0,0.0,0.0,0.0,0.0,0.0,15.0,0.0,60.0,0.0,15.0,0.0,0.0
662,2011,0.0,1178.0,0.0,713.0,279.0,0.0,62.0,6138.0,0.0,31.0,0.0,0.0,186.0,0.0,0.0,31.0,0.0,0.0,93.0,1426.0,0.0,403.0,31.0,0.0
662,2012,0.0,1302.0,0.0,0.0,155.0,0.0,0.0,2697.0,0.0,0.0,62.0,0.0,124.0,0.0,0.0,0.0,0.0,0.0,62.0,186.0,0.0,496.0,0.0,0.0
662,2013,0.0,558.0,0.0,93.0,186.0,0.0,217.0,1271.0,0.0,0.0,31.0,0.0,155.0,0.0,0.0,31.0,0.0,0.0,62.0,868.0,0.0,3999.0,0.0,0.0
662,2014,341.0,372.0,0.0,0.0,124.0,0.0,0.0,2542.0,0.0,0.0,0.0,0.0,0.0,0.0,0.0,0.0,31.0,0.0,31.0,124.0,0.0,2666.0,0.0,0.0
662,2015,1240.0,744.0,0.0,248.0,496.0,0.0,434.0,4836.0,0.0,0.0,1333.0,0.0,1488.0,0.0,62.0,0.0,0.0,0.0,248.0,1209.0,0.0,7347.0,0.0,0.0
662,2016,93.0,620.0,0.0,651.0,186.0,0.0,62.0,1705.0,0.0,0.0,0.0,31.0,651.0,0.0,31.0,0.0,0.0,0.0,31.0,1054.0,0.0,5921.0,0.0,0.0
662,2017,0.0,248.0,0.0,527.0,806.0,0.0,155.0,279.0,0.0,0.0,93.0,0.0,496.0,0.0,0.0,31.0,62.0,0.0,31.0,2170.0,0.0,8990.0,0.0,0.0
662,2018,62.0,589.0,0.0,1209.0,279.0,0.0,93.0,1023.0,0.0,0.0,62.0,0.0,372.0,0.0,0.0,0.0,31.0,0.0,31.0,1023.0,0.0,10385.0,0.0,0.0
664,2011,0.0,0.0,0.0,462.0,99.0,11.0,22.0,253.0,0.0,0.0,22.0,0.0,286.0,0.0,0.0,33.0,55.0,0.0,176.0,451.0,0.0,2684.0,0.0,0.0
664,2012,0.0,0.0,0.0,88.0,22.0,0.0,0.0,88.0,0.0,0.0,33.0,0.0,176.0,0.0,0.0,11.0,11.0,0.0,99.0,275.0,0.0,2420.0,0.0,0.0
664,2013,11.0,0.0,0.0,737.0,44.0,0.0,11.0,198.0,0.0,0.0,132.0,0.0,176.0,0.0,0.0,22.0,0.0,0.0,88.0,396.0,0.0,3938.0,0.0,0.0
664,2014,11.0,0.0,0.0,209.0,77.0,0.0,11.0,165.0,0.0,0.0,121.0,0.0,187.0,0.0,0.0,0.0,0.0,11.0,66.0,209.0,0.0,3740.0,0.0,0.0
664,2015,0.0,11.0,0.0,132.0,77.0,0.0,11.0,209.0,0.0,0.0,154.0,0.0,209.0,0.0,0.0,22.0,11.0,0.0,110.0,1650.0,0.0,5764.0,11.0,0.0
664,2016,0.0,0.0,0.0,77.0,11.0,0.0,11.0,55.0,0.0,0.0,11.0,0.0,132.0,0.0,0.0,0.0,0.0,0.0,11.0,825.0,0.0,5445.0,0.0,0.0
664,2017,0.0,0.0,0.0,22.0,22.0,0.0,11.0,11.0,0.0,0.0,66.0,0.0,352.0,0.0,0.0,22.0,0.0,11.0,11.0,726.0,0.0,5104.0,0.0,0.0
664,2018,0.0,0.0,0.0,143.0,22.0,0.0,0.0,22.0,0.0,0.0,33.0,0.0,385.0,0.0,0.0,0.0,0.0,0.0,33.0,858.0,0.0,7524.0,0.0,0.0
666,2013,0.0,777.0,0.0,441.0,273.0,0.0,21.0,3045.0,0.0,42.0,21.0,0.0,0.0,0.0,105.0,21.0,0.0,0.0,21.0,42.0,0.0,882.0,42.0,0.0
666,2014,0.0,231.0,0.0,210.0,336.0,0.0,21.0,1869.0,0.0,189.0,105.0,0.0,21.0,0.0,105.0,105.0,0.0,0.0,21.0,462.0,0.0,3024.0,84.0,0.0
666,2015,0.0,63.0,0.0,357.0,231.0,0.0,42.0,1281.0,0.0,105.0,21.0,0.0,21.0,0.0,21.0,0.0,0.0,0.0,42.0,1008.0,0.0,2142.0,42.0,0.0
666,2016,0.0,42.0,0.0,273.0,42.0,0.0,63.0,987.0,0.0,189.0,0.0,0.0,0.0,0.0,0.0,21.0,0.0,21.0,0.0,273.0,0.0,1575.0,42.0,0.0
666,2017,0.0,0.0,0.0,1680.0,147.0,0.0,42.0,840.0,0.0,378.0,21.0,0.0,0.0,0.0,0.0,105.0,0.0,84.0,21.0,273.0,0.0,3507.0,21.0,0.0
666,2018,21.0,42.0,0.0,3486.0,189.0,0.0,21.0,693.0,0.0,0.0,0.0,0.0,42.0,0.0,0.0,0.0,0.0,21.0,42.0,252.0,0.0,4347.0,0.0,0.0
